code,taxonId,series,title,role,mediaKind,evidenceClass,wave,ratio,size,status,statusReason,specimenRef,brief,promptFile
"sahelanthropus.S01","sahelanthropus","S01","Sahelanthropus: tree avatar","tree-thumbnail","context-schematic","B","1","1:1","512×512","TODO","","cranium TM 266-01-060-1 (“Toumaï”) | mandibular and dental fragments from the same locality","Render of the primary cranium (cranium TM 266-01-060-1 (“Toumaï”)) in lateral view, square crop, identical camera, light and background preset for all 11 core taxa, legible at 36 px. Built from a licensed scan or cast photograph (see S04 sources); no AI. Must differ visibly from the portrait.",""
"sahelanthropus.S02","sahelanthropus","S02","Sahelanthropus: portrait","profile-portrait","reconstruction","D","1","4:5","1000×1250","TODO","","cranium TM 266-01-060-1 (“Toumaï”) | mandibular and dental fragments from the same locality","Scientific facial reconstruction from the cranium. Prompt provided. Requires reference renders (S04/S05), assumptions sheet and review.","prompts/sahelanthropus.md"
"sahelanthropus.S03","sahelanthropus","S03","Sahelanthropus: dossier hero","dossier-hero","reconstruction","D","2","16:9","1920×1080","TODO","","cranium TM 266-01-060-1 (“Toumaï”) | mandibular and dental fragments from the same locality","Wide environmental scene with 2–3 individuals. Prompt provided. Requires assumptions sheet and review.","prompts/sahelanthropus.md"
"sahelanthropus.S04","sahelanthropus","S04","Sahelanthropus: cranium, lateral view","specimen-reference","specimen-photo","C","1","4:3","1600×1200","TODO","","cranium TM 266-01-060-1 (“Toumaï”) | mandibular and dental fragments from the same locality","Lateral view of cranium TM 266-01-060-1 (“Toumaï”). Neutral dark-grey background, even lighting, scale bar in centimetres, specimen in standard orientation (skull on the Frankfurt horizontal plane). Source order: (1) museum or institutional open-access collections, (2) licensed 3D scan repositories (e.g. MorphoSource, Smithsonian) with an explicit licence, (3) Wikimedia Commons with a CC licence. Record institution, catalog number, licence, credit and source URL. Never AI-generated; if no licensed image exists, leave the slot empty.",""
"sahelanthropus.S05","sahelanthropus","S05","Sahelanthropus: cranium, frontal view","specimen-reference","specimen-photo","C","1","4:3","1600×1200","TODO","","cranium TM 266-01-060-1 (“Toumaï”) | mandibular and dental fragments from the same locality","Frontal view of cranium TM 266-01-060-1 (“Toumaï”). Neutral dark-grey background, even lighting, scale bar in centimetres, specimen in standard orientation (skull on the Frankfurt horizontal plane). Source order: (1) museum or institutional open-access collections, (2) licensed 3D scan repositories (e.g. MorphoSource, Smithsonian) with an explicit licence, (3) Wikimedia Commons with a CC licence. Record institution, catalog number, licence, credit and source URL. Never AI-generated; if no licensed image exists, leave the slot empty.",""
"sahelanthropus.S06","sahelanthropus","S06","Sahelanthropus: jaw and teeth, occlusal view","specimen-reference","specimen-photo","C","2","4:3","1600×1200","TODO","","cranium TM 266-01-060-1 (“Toumaï”) | mandibular and dental fragments from the same locality","Occlusal view of the best-preserved mandible or maxilla of Sahelanthropus (cranium TM 266-01-060-1 (“Toumaï”); mandibular and dental fragments from the same locality). Neutral dark-grey background, even lighting, scale bar in centimetres, specimen in standard orientation (skull on the Frankfurt horizontal plane). Source order: (1) museum or institutional open-access collections, (2) licensed 3D scan repositories (e.g. MorphoSource, Smithsonian) with an explicit licence, (3) Wikimedia Commons with a CC licence. Record institution, catalog number, licence, credit and source URL. Never AI-generated; if no licensed image exists, leave the slot empty.",""
"sahelanthropus.S07a","sahelanthropus","S07a","Sahelanthropus: key bone 1 — cranium, lateral and frontal view together","anatomy-plate","specimen-photo","C","2","4:3","1600×1200","TODO","","cranium TM 266-01-060-1 (“Toumaï”) | mandibular and dental fragments from the same locality","cranium, lateral and frontal view together. Neutral dark-grey background, even lighting, scale bar in centimetres, specimen in standard orientation (skull on the Frankfurt horizontal plane). Source order: (1) museum or institutional open-access collections, (2) licensed 3D scan repositories (e.g. MorphoSource, Smithsonian) with an explicit licence, (3) Wikimedia Commons with a CC licence. Record institution, catalog number, licence, credit and source URL. Never AI-generated; if no licensed image exists, leave the slot empty.",""
"sahelanthropus.S07b","sahelanthropus","S07b","Sahelanthropus: key bone 2 — mandible fragment with teeth","anatomy-plate","specimen-photo","C","2","4:3","1600×1200","TODO","","cranium TM 266-01-060-1 (“Toumaï”) | mandibular and dental fragments from the same locality","mandible fragment with teeth. Neutral dark-grey background, even lighting, scale bar in centimetres, specimen in standard orientation (skull on the Frankfurt horizontal plane). Source order: (1) museum or institutional open-access collections, (2) licensed 3D scan repositories (e.g. MorphoSource, Smithsonian) with an explicit licence, (3) Wikimedia Commons with a CC licence. Record institution, catalog number, licence, credit and source URL. Never AI-generated; if no licensed image exists, leave the slot empty.",""
"sahelanthropus.S08","sahelanthropus","S08","Sahelanthropus: annotated anatomy diagram","anatomy-plate","context-schematic","B","3","free (SVG)","vector + 1600 px WebP fallback","TODO","","cranium TM 266-01-060-1 (“Toumaï”) | mandibular and dental fragments from the same locality","Vector diagram traced from the S04/S05 images. Label at most six diagnostic traits, each backed by a sourced claim: massive brow ridge; small worn canine; position of the foramen magnum (debated); small braincase; nuchal crest. Label text comes from claim records, not free text.",""
"sahelanthropus.S09","sahelanthropus","S09","Sahelanthropus: scale against an adult human","scale-reference","context-schematic","A","3","free (SVG)","vector + 1600 px WebP fallback","TODO","","cranium TM 266-01-060-1 (“Toumaï”) | mandibular and dental fragments from the same locality","Generated by script: height and mass drawn as uncertainty BANDS next to a 170 cm adult-human silhouette, labelled “estimate”. Source ranges: body size and proportions are unknown; draw a chimpanzee-sized adult as a clearly speculative convention. No individual-looking figure.",""
"sahelanthropus.S10","sahelanthropus","S10","Sahelanthropus: habitat","habitat","reconstruction","D","1","16:9","1920×1080","TODO","","cranium TM 266-01-060-1 (“Toumaï”) | mandibular and dental fragments from the same locality","Paleoenvironment landscape with NO hominins. Prompt provided. Fauna kinds must be verified against the site faunal list.","prompts/sahelanthropus.md"
"sahelanthropus.S11","sahelanthropus","S11","Sahelanthropus: behaviour","behavior","reconstruction","D","3","4:3","1600×1200","NOT-APPLICABLE","No source-supported behaviour for this taxon; revisit only when evidence is registered.","cranium TM 266-01-060-1 (“Toumaï”) | mandibular and dental fragments from the same locality","No source-supported behaviour exists; the slot stays empty until evidence is registered.",""
"sahelanthropus.S12","sahelanthropus","S12","Sahelanthropus: type or principal site","context","specimen-photo","C","2","16:9","1920×1080","TODO","","cranium TM 266-01-060-1 (“Toumaï”) | mandibular and dental fragments from the same locality","Photograph of Toros-Menalla locality TM 266, Chad (landscape or excavation). Licensed; if none exists, use a licensed landscape photograph with a site marker and say so in the caption. Source order: (1) museum or institutional open-access collections, (2) licensed 3D scan repositories (e.g. MorphoSource, Smithsonian) with an explicit licence, (3) Wikimedia Commons with a CC licence. Record institution, catalog number, licence, credit and source URL. Never AI-generated; if no licensed image exists, leave the slot empty.",""
"sahelanthropus.S13","sahelanthropus","S13","Sahelanthropus: sites and range map","context","context-schematic","A","1","free (SVG)","vector + 1600 px WebP fallback","TODO","","cranium TM 266-01-060-1 (“Toumaï”) | mandibular and dental fragments from the same locality","Generated by script from the site records linked to Sahelanthropus and the paleo pipeline (phase P3) at the taxon's time slice; uncertainty drawn as soft areas.",""
"sahelanthropus.S14","sahelanthropus","S14","Sahelanthropus: which parts of the skeleton are known","anatomy-plate","context-schematic","B","3","free (SVG)","vector + 1600 px WebP fallback","TODO","","cranium TM 266-01-060-1 (“Toumaï”) | mandibular and dental fragments from the same locality","Skeleton-inventory diagram: a base skeleton template with the preserved elements highlighted, element list taken from the specimen record(s): cranium TM 266-01-060-1 (“Toumaï”); mandibular and dental fragments from the same locality.",""
"sahelanthropus.X1","sahelanthropus","X1","Sahelanthropus: Foramen magnum position: Toumaï vs chimpanzee vs modern human (basal views)","anatomy-plate","context-schematic","B","4","free (SVG)","vector + 1600 px WebP fallback","TODO","","cranium TM 266-01-060-1 (“Toumaï”) | mandibular and dental fragments from the same locality","Vector diagram from licensed basal-view scans; state that the evidence for upright posture is disputed.",""
"orrin.S01","orrin","S01","Orrorin: tree avatar","tree-thumbnail","context-schematic","B","1","1:1","512×512","BLOCKED-NO-SPECIMEN","No specimen record exists in content/specimens.ts yet; no image may be made before it exists.","fragmentary remains: femora, a humerus fragment, jaw fragments and teeth — no cranium is known","Render of the primary cranium (fragmentary remains: femora, a humerus fragment, jaw fragments and teeth — no cranium is known) in lateral view, square crop, identical camera, light and background preset for all 11 core taxa, legible at 36 px. Built from a licensed scan or cast photograph (see S04 sources); no AI. Must differ visibly from the portrait.",""
"orrin.S02","orrin","S02","Orrorin: portrait","profile-portrait","reconstruction","D","1","4:5","1000×1250","BLOCKED-NO-SPECIMEN","No specimen record exists in content/specimens.ts yet; no image may be made before it exists.","fragmentary remains: femora, a humerus fragment, jaw fragments and teeth — no cranium is known","Bone-inventory silhouette (no face is rendered because no cranium exists). Prompt provided.","prompts/orrin.md"
"orrin.S03","orrin","S03","Orrorin: dossier hero","dossier-hero","reconstruction","D","2","16:9","1920×1080","BLOCKED-NO-SPECIMEN","No specimen record exists in content/specimens.ts yet; no image may be made before it exists.","fragmentary remains: femora, a humerus fragment, jaw fragments and teeth — no cranium is known","Wide environmental scene with 2–3 individuals. Prompt provided. Requires assumptions sheet and review.","prompts/orrin.md"
"orrin.S04","orrin","S04","Orrorin: cranium, lateral view","specimen-reference","specimen-photo","C","1","4:3","1600×1200","BLOCKED-NO-SPECIMEN","No specimen record exists in content/specimens.ts yet; no image may be made before it exists.","fragmentary remains: femora, a humerus fragment, jaw fragments and teeth — no cranium is known","Lateral view of fragmentary remains: femora, a humerus fragment, jaw fragments and teeth — no cranium is known. Neutral dark-grey background, even lighting, scale bar in centimetres, specimen in standard orientation (skull on the Frankfurt horizontal plane). Source order: (1) museum or institutional open-access collections, (2) licensed 3D scan repositories (e.g. MorphoSource, Smithsonian) with an explicit licence, (3) Wikimedia Commons with a CC licence. Record institution, catalog number, licence, credit and source URL. Never AI-generated; if no licensed image exists, leave the slot empty.",""
"orrin.S05","orrin","S05","Orrorin: cranium, frontal view","specimen-reference","specimen-photo","C","1","4:3","1600×1200","BLOCKED-NO-SPECIMEN","No specimen record exists in content/specimens.ts yet; no image may be made before it exists.","fragmentary remains: femora, a humerus fragment, jaw fragments and teeth — no cranium is known","Frontal view of fragmentary remains: femora, a humerus fragment, jaw fragments and teeth — no cranium is known. Neutral dark-grey background, even lighting, scale bar in centimetres, specimen in standard orientation (skull on the Frankfurt horizontal plane). Source order: (1) museum or institutional open-access collections, (2) licensed 3D scan repositories (e.g. MorphoSource, Smithsonian) with an explicit licence, (3) Wikimedia Commons with a CC licence. Record institution, catalog number, licence, credit and source URL. Never AI-generated; if no licensed image exists, leave the slot empty.",""
"orrin.S06","orrin","S06","Orrorin: jaw and teeth, occlusal view","specimen-reference","specimen-photo","C","2","4:3","1600×1200","BLOCKED-NO-SPECIMEN","No specimen record exists in content/specimens.ts yet; no image may be made before it exists.","fragmentary remains: femora, a humerus fragment, jaw fragments and teeth — no cranium is known","Occlusal view of the best-preserved mandible or maxilla of Orrorin (fragmentary remains: femora, a humerus fragment, jaw fragments and teeth — no cranium is known). Neutral dark-grey background, even lighting, scale bar in centimetres, specimen in standard orientation (skull on the Frankfurt horizontal plane). Source order: (1) museum or institutional open-access collections, (2) licensed 3D scan repositories (e.g. MorphoSource, Smithsonian) with an explicit licence, (3) Wikimedia Commons with a CC licence. Record institution, catalog number, licence, credit and source URL. Never AI-generated; if no licensed image exists, leave the slot empty.",""
"orrin.S07a","orrin","S07a","Orrorin: key bone 1 — femoral fragment, several views","anatomy-plate","specimen-photo","C","2","4:3","1600×1200","BLOCKED-NO-SPECIMEN","No specimen record exists in content/specimens.ts yet; no image may be made before it exists.","fragmentary remains: femora, a humerus fragment, jaw fragments and teeth — no cranium is known","femoral fragment, several views. Neutral dark-grey background, even lighting, scale bar in centimetres, specimen in standard orientation (skull on the Frankfurt horizontal plane). Source order: (1) museum or institutional open-access collections, (2) licensed 3D scan repositories (e.g. MorphoSource, Smithsonian) with an explicit licence, (3) Wikimedia Commons with a CC licence. Record institution, catalog number, licence, credit and source URL. Never AI-generated; if no licensed image exists, leave the slot empty.",""
"orrin.S07b","orrin","S07b","Orrorin: key bone 2 — mandible or tooth fragment","anatomy-plate","specimen-photo","C","2","4:3","1600×1200","BLOCKED-NO-SPECIMEN","No specimen record exists in content/specimens.ts yet; no image may be made before it exists.","fragmentary remains: femora, a humerus fragment, jaw fragments and teeth — no cranium is known","mandible or tooth fragment. Neutral dark-grey background, even lighting, scale bar in centimetres, specimen in standard orientation (skull on the Frankfurt horizontal plane). Source order: (1) museum or institutional open-access collections, (2) licensed 3D scan repositories (e.g. MorphoSource, Smithsonian) with an explicit licence, (3) Wikimedia Commons with a CC licence. Record institution, catalog number, licence, credit and source URL. Never AI-generated; if no licensed image exists, leave the slot empty.",""
"orrin.S08","orrin","S08","Orrorin: annotated anatomy diagram","anatomy-plate","context-schematic","B","3","free (SVG)","vector + 1600 px WebP fallback","BLOCKED-NO-SPECIMEN","No specimen record exists in content/specimens.ts yet; no image may be made before it exists.","fragmentary remains: femora, a humerus fragment, jaw fragments and teeth — no cranium is known","Vector diagram traced from the S04/S05 images. Label at most six diagnostic traits, each backed by a sourced claim: long femoral neck; small cheek teeth; curved finger bone (reported). Label text comes from claim records, not free text.",""
"orrin.S09","orrin","S09","Orrorin: scale against an adult human","scale-reference","context-schematic","A","3","free (SVG)","vector + 1600 px WebP fallback","BLOCKED-NO-SPECIMEN","No specimen record exists in content/specimens.ts yet; no image may be made before it exists.","fragmentary remains: femora, a humerus fragment, jaw fragments and teeth — no cranium is known","Generated by script: height and mass drawn as uncertainty BANDS next to a 170 cm adult-human silhouette, labelled “estimate”. Source ranges: femur size suggests a chimpanzee-sized animal (verify); proportions unknown. No individual-looking figure.",""
"orrin.S10","orrin","S10","Orrorin: habitat","habitat","reconstruction","D","1","16:9","1920×1080","BLOCKED-NO-SPECIMEN","No specimen record exists in content/specimens.ts yet; no image may be made before it exists.","fragmentary remains: femora, a humerus fragment, jaw fragments and teeth — no cranium is known","Paleoenvironment landscape with NO hominins. Prompt provided. Fauna kinds must be verified against the site faunal list.","prompts/orrin.md"
"orrin.S11","orrin","S11","Orrorin: behaviour","behavior","reconstruction","D","3","4:3","1600×1200","NOT-APPLICABLE","No source-supported behaviour for this taxon; revisit only when evidence is registered.","fragmentary remains: femora, a humerus fragment, jaw fragments and teeth — no cranium is known","No source-supported behaviour exists; the slot stays empty until evidence is registered.",""
"orrin.S12","orrin","S12","Orrorin: type or principal site","context","specimen-photo","C","2","16:9","1920×1080","BLOCKED-NO-SPECIMEN","No specimen record exists in content/specimens.ts yet; no image may be made before it exists.","fragmentary remains: femora, a humerus fragment, jaw fragments and teeth — no cranium is known","Photograph of Lukeino Formation, Tugen Hills, Kenya (landscape or excavation). Licensed; if none exists, use a licensed landscape photograph with a site marker and say so in the caption. Source order: (1) museum or institutional open-access collections, (2) licensed 3D scan repositories (e.g. MorphoSource, Smithsonian) with an explicit licence, (3) Wikimedia Commons with a CC licence. Record institution, catalog number, licence, credit and source URL. Never AI-generated; if no licensed image exists, leave the slot empty.",""
"orrin.S13","orrin","S13","Orrorin: sites and range map","context","context-schematic","A","1","free (SVG)","vector + 1600 px WebP fallback","BLOCKED-NO-SPECIMEN","No specimen record exists in content/specimens.ts yet; no image may be made before it exists.","fragmentary remains: femora, a humerus fragment, jaw fragments and teeth — no cranium is known","Generated by script from the site records linked to Orrorin and the paleo pipeline (phase P3) at the taxon's time slice; uncertainty drawn as soft areas.",""
"orrin.S14","orrin","S14","Orrorin: which parts of the skeleton are known","anatomy-plate","context-schematic","B","3","free (SVG)","vector + 1600 px WebP fallback","BLOCKED-NO-SPECIMEN","No specimen record exists in content/specimens.ts yet; no image may be made before it exists.","fragmentary remains: femora, a humerus fragment, jaw fragments and teeth — no cranium is known","Skeleton-inventory diagram: a base skeleton template with the preserved elements highlighted, element list taken from the specimen record(s): fragmentary remains: femora, a humerus fragment, jaw fragments and teeth — no cranium is known.",""
"orrin.X1","orrin","X1","Orrorin: Femoral neck comparison: Orrorin, chimpanzee, Australopithecus, modern human","anatomy-plate","context-schematic","B","4","free (SVG)","vector + 1600 px WebP fallback","BLOCKED-NO-SPECIMEN","No specimen record exists in content/specimens.ts yet; no image may be made before it exists.","fragmentary remains: femora, a humerus fragment, jaw fragments and teeth — no cranium is known","Vector diagram from licensed femur images or published measurements; mark the interpretation as disputed.",""
"ardipithecus.S01","ardipithecus","S01","Ardipithecus: tree avatar","tree-thumbnail","context-schematic","B","1","1:1","512×512","TODO","","partial skeleton ARA-VP-6/500 (“Ardi”), adult, probably female; the crushed cranium was virtually reconstructed (the reconstruction itself is debated)","Render of the primary cranium (partial skeleton ARA-VP-6/500 (“Ardi”), adult, probably female; the crushed cranium was virtually reconstructed (the reconstruction itself is debated)) in lateral view, square crop, identical camera, light and background preset for all 11 core taxa, legible at 36 px. Built from a licensed scan or cast photograph (see S04 sources); no AI. Must differ visibly from the portrait.",""
"ardipithecus.S02","ardipithecus","S02","Ardipithecus: portrait","profile-portrait","reconstruction","D","1","4:5","1000×1250","TODO","","partial skeleton ARA-VP-6/500 (“Ardi”), adult, probably female; the crushed cranium was virtually reconstructed (the reconstruction itself is debated)","Scientific facial reconstruction from the cranium. Prompt provided. Requires reference renders (S04/S05), assumptions sheet and review.","prompts/ardipithecus.md"
"ardipithecus.S03","ardipithecus","S03","Ardipithecus: dossier hero","dossier-hero","reconstruction","D","2","16:9","1920×1080","TODO","","partial skeleton ARA-VP-6/500 (“Ardi”), adult, probably female; the crushed cranium was virtually reconstructed (the reconstruction itself is debated)","Wide environmental scene with 2–3 individuals. Prompt provided. Requires assumptions sheet and review.","prompts/ardipithecus.md"
"ardipithecus.S04","ardipithecus","S04","Ardipithecus: cranium, lateral view","specimen-reference","specimen-photo","C","1","4:3","1600×1200","TODO","","partial skeleton ARA-VP-6/500 (“Ardi”), adult, probably female; the crushed cranium was virtually reconstructed (the reconstruction itself is debated)","Lateral view of partial skeleton ARA-VP-6/500 (“Ardi”), adult, probably female; the crushed cranium was virtually reconstructed (the reconstruction itself is debated). Neutral dark-grey background, even lighting, scale bar in centimetres, specimen in standard orientation (skull on the Frankfurt horizontal plane). Source order: (1) museum or institutional open-access collections, (2) licensed 3D scan repositories (e.g. MorphoSource, Smithsonian) with an explicit licence, (3) Wikimedia Commons with a CC licence. Record institution, catalog number, licence, credit and source URL. Never AI-generated; if no licensed image exists, leave the slot empty.",""
"ardipithecus.S05","ardipithecus","S05","Ardipithecus: cranium, frontal view","specimen-reference","specimen-photo","C","1","4:3","1600×1200","TODO","","partial skeleton ARA-VP-6/500 (“Ardi”), adult, probably female; the crushed cranium was virtually reconstructed (the reconstruction itself is debated)","Frontal view of partial skeleton ARA-VP-6/500 (“Ardi”), adult, probably female; the crushed cranium was virtually reconstructed (the reconstruction itself is debated). Neutral dark-grey background, even lighting, scale bar in centimetres, specimen in standard orientation (skull on the Frankfurt horizontal plane). Source order: (1) museum or institutional open-access collections, (2) licensed 3D scan repositories (e.g. MorphoSource, Smithsonian) with an explicit licence, (3) Wikimedia Commons with a CC licence. Record institution, catalog number, licence, credit and source URL. Never AI-generated; if no licensed image exists, leave the slot empty.",""
"ardipithecus.S06","ardipithecus","S06","Ardipithecus: jaw and teeth, occlusal view","specimen-reference","specimen-photo","C","2","4:3","1600×1200","TODO","","partial skeleton ARA-VP-6/500 (“Ardi”), adult, probably female; the crushed cranium was virtually reconstructed (the reconstruction itself is debated)","Occlusal view of the best-preserved mandible or maxilla of Ardipithecus (partial skeleton ARA-VP-6/500 (“Ardi”), adult, probably female; the crushed cranium was virtually reconstructed (the reconstruction itself is debated)). Neutral dark-grey background, even lighting, scale bar in centimetres, specimen in standard orientation (skull on the Frankfurt horizontal plane). Source order: (1) museum or institutional open-access collections, (2) licensed 3D scan repositories (e.g. MorphoSource, Smithsonian) with an explicit licence, (3) Wikimedia Commons with a CC licence. Record institution, catalog number, licence, credit and source URL. Never AI-generated; if no licensed image exists, leave the slot empty.",""
"ardipithecus.S07a","ardipithecus","S07a","Ardipithecus: key bone 1 — pelvis","anatomy-plate","specimen-photo","C","2","4:3","1600×1200","TODO","","partial skeleton ARA-VP-6/500 (“Ardi”), adult, probably female; the crushed cranium was virtually reconstructed (the reconstruction itself is debated)","pelvis. Neutral dark-grey background, even lighting, scale bar in centimetres, specimen in standard orientation (skull on the Frankfurt horizontal plane). Source order: (1) museum or institutional open-access collections, (2) licensed 3D scan repositories (e.g. MorphoSource, Smithsonian) with an explicit licence, (3) Wikimedia Commons with a CC licence. Record institution, catalog number, licence, credit and source URL. Never AI-generated; if no licensed image exists, leave the slot empty.",""
"ardipithecus.S07b","ardipithecus","S07b","Ardipithecus: key bone 2 — foot with the opposable big toe","anatomy-plate","specimen-photo","C","2","4:3","1600×1200","TODO","","partial skeleton ARA-VP-6/500 (“Ardi”), adult, probably female; the crushed cranium was virtually reconstructed (the reconstruction itself is debated)","foot with the opposable big toe. Neutral dark-grey background, even lighting, scale bar in centimetres, specimen in standard orientation (skull on the Frankfurt horizontal plane). Source order: (1) museum or institutional open-access collections, (2) licensed 3D scan repositories (e.g. MorphoSource, Smithsonian) with an explicit licence, (3) Wikimedia Commons with a CC licence. Record institution, catalog number, licence, credit and source URL. Never AI-generated; if no licensed image exists, leave the slot empty.",""
"ardipithecus.S08","ardipithecus","S08","Ardipithecus: annotated anatomy diagram","anatomy-plate","context-schematic","B","3","free (SVG)","vector + 1600 px WebP fallback","TODO","","partial skeleton ARA-VP-6/500 (“Ardi”), adult, probably female; the crushed cranium was virtually reconstructed (the reconstruction itself is debated)","Vector diagram traced from the S04/S05 images. Label at most six diagnostic traits, each backed by a sourced claim: grasping hallux; short broad pelvis; reduced canines; long arms with curved fingers. Label text comes from claim records, not free text.",""
"ardipithecus.S09","ardipithecus","S09","Ardipithecus: scale against an adult human","scale-reference","context-schematic","A","3","free (SVG)","vector + 1600 px WebP fallback","TODO","","partial skeleton ARA-VP-6/500 (“Ardi”), adult, probably female; the crushed cranium was virtually reconstructed (the reconstruction itself is debated)","Generated by script: height and mass drawn as uncertainty BANDS next to a 170 cm adult-human silhouette, labelled “estimate”. Source ranges: about 120 cm tall and about 50 kg (estimates for ARA-VP-6/500; verify). No individual-looking figure.",""
"ardipithecus.S10","ardipithecus","S10","Ardipithecus: habitat","habitat","reconstruction","D","1","16:9","1920×1080","TODO","","partial skeleton ARA-VP-6/500 (“Ardi”), adult, probably female; the crushed cranium was virtually reconstructed (the reconstruction itself is debated)","Paleoenvironment landscape with NO hominins. Prompt provided. Fauna kinds must be verified against the site faunal list.","prompts/ardipithecus.md"
"ardipithecus.S11","ardipithecus","S11","Ardipithecus: behaviour","behavior","reconstruction","D","3","4:3","1600×1200","NOT-APPLICABLE","No source-supported behaviour for this taxon; revisit only when evidence is registered.","partial skeleton ARA-VP-6/500 (“Ardi”), adult, probably female; the crushed cranium was virtually reconstructed (the reconstruction itself is debated)","No source-supported behaviour exists; the slot stays empty until evidence is registered.",""
"ardipithecus.S12","ardipithecus","S12","Ardipithecus: type or principal site","context","specimen-photo","C","2","16:9","1920×1080","TODO","","partial skeleton ARA-VP-6/500 (“Ardi”), adult, probably female; the crushed cranium was virtually reconstructed (the reconstruction itself is debated)","Photograph of Aramis, Middle Awash, Ethiopia (landscape or excavation). Licensed; if none exists, use a licensed landscape photograph with a site marker and say so in the caption. Source order: (1) museum or institutional open-access collections, (2) licensed 3D scan repositories (e.g. MorphoSource, Smithsonian) with an explicit licence, (3) Wikimedia Commons with a CC licence. Record institution, catalog number, licence, credit and source URL. Never AI-generated; if no licensed image exists, leave the slot empty.",""
"ardipithecus.S13","ardipithecus","S13","Ardipithecus: sites and range map","context","context-schematic","A","1","free (SVG)","vector + 1600 px WebP fallback","TODO","","partial skeleton ARA-VP-6/500 (“Ardi”), adult, probably female; the crushed cranium was virtually reconstructed (the reconstruction itself is debated)","Generated by script from the site records linked to Ardipithecus and the paleo pipeline (phase P3) at the taxon's time slice; uncertainty drawn as soft areas.",""
"ardipithecus.S14","ardipithecus","S14","Ardipithecus: which parts of the skeleton are known","anatomy-plate","context-schematic","B","3","free (SVG)","vector + 1600 px WebP fallback","TODO","","partial skeleton ARA-VP-6/500 (“Ardi”), adult, probably female; the crushed cranium was virtually reconstructed (the reconstruction itself is debated)","Skeleton-inventory diagram: a base skeleton template with the preserved elements highlighted, element list taken from the specimen record(s): partial skeleton ARA-VP-6/500 (“Ardi”), adult, probably female; the crushed cranium was virtually reconstructed (the reconstruction itself is debated).",""
"ardipithecus.X1","ardipithecus","X1","Ardipithecus: Foot diagram: grasping big toe vs non-grasping foot","anatomy-plate","context-schematic","B","4","free (SVG)","vector + 1600 px WebP fallback","TODO","","partial skeleton ARA-VP-6/500 (“Ardi”), adult, probably female; the crushed cranium was virtually reconstructed (the reconstruction itself is debated)","Vector diagram from licensed foot images or published figures re-drawn with permission.",""
"anamensis.S01","anamensis","S01","A. anamensis: tree avatar","tree-thumbnail","context-schematic","B","1","1:1","512×512","TODO","","mandible KNM-KP 29281 (holotype) with the 2019 cranium MRD-VP-1/1 from Woranso-Mille for the face | proximal tibia from Kanapoi","Render of the primary cranium (mandible KNM-KP 29281 (holotype) with the 2019 cranium MRD-VP-1/1 from Woranso-Mille for the face) in lateral view, square crop, identical camera, light and background preset for all 11 core taxa, legible at 36 px. Built from a licensed scan or cast photograph (see S04 sources); no AI. Must differ visibly from the portrait.",""
"anamensis.S02","anamensis","S02","A. anamensis: portrait","profile-portrait","reconstruction","D","1","4:5","1000×1250","TODO","","mandible KNM-KP 29281 (holotype) with the 2019 cranium MRD-VP-1/1 from Woranso-Mille for the face | proximal tibia from Kanapoi","Scientific facial reconstruction from the cranium. Prompt provided. Requires reference renders (S04/S05), assumptions sheet and review.","prompts/anamensis.md"
"anamensis.S03","anamensis","S03","A. anamensis: dossier hero","dossier-hero","reconstruction","D","2","16:9","1920×1080","TODO","","mandible KNM-KP 29281 (holotype) with the 2019 cranium MRD-VP-1/1 from Woranso-Mille for the face | proximal tibia from Kanapoi","Wide environmental scene with 2–3 individuals. Prompt provided. Requires assumptions sheet and review.","prompts/anamensis.md"
"anamensis.S04","anamensis","S04","A. anamensis: cranium, lateral view","specimen-reference","specimen-photo","C","1","4:3","1600×1200","TODO","","mandible KNM-KP 29281 (holotype) with the 2019 cranium MRD-VP-1/1 from Woranso-Mille for the face | proximal tibia from Kanapoi","Lateral view of mandible KNM-KP 29281 (holotype) with the 2019 cranium MRD-VP-1/1 from Woranso-Mille for the face. Neutral dark-grey background, even lighting, scale bar in centimetres, specimen in standard orientation (skull on the Frankfurt horizontal plane). Source order: (1) museum or institutional open-access collections, (2) licensed 3D scan repositories (e.g. MorphoSource, Smithsonian) with an explicit licence, (3) Wikimedia Commons with a CC licence. Record institution, catalog number, licence, credit and source URL. Never AI-generated; if no licensed image exists, leave the slot empty.",""
"anamensis.S05","anamensis","S05","A. anamensis: cranium, frontal view","specimen-reference","specimen-photo","C","1","4:3","1600×1200","TODO","","mandible KNM-KP 29281 (holotype) with the 2019 cranium MRD-VP-1/1 from Woranso-Mille for the face | proximal tibia from Kanapoi","Frontal view of mandible KNM-KP 29281 (holotype) with the 2019 cranium MRD-VP-1/1 from Woranso-Mille for the face. Neutral dark-grey background, even lighting, scale bar in centimetres, specimen in standard orientation (skull on the Frankfurt horizontal plane). Source order: (1) museum or institutional open-access collections, (2) licensed 3D scan repositories (e.g. MorphoSource, Smithsonian) with an explicit licence, (3) Wikimedia Commons with a CC licence. Record institution, catalog number, licence, credit and source URL. Never AI-generated; if no licensed image exists, leave the slot empty.",""
"anamensis.S06","anamensis","S06","A. anamensis: jaw and teeth, occlusal view","specimen-reference","specimen-photo","C","2","4:3","1600×1200","TODO","","mandible KNM-KP 29281 (holotype) with the 2019 cranium MRD-VP-1/1 from Woranso-Mille for the face | proximal tibia from Kanapoi","Occlusal view of the best-preserved mandible or maxilla of A. anamensis (mandible KNM-KP 29281 (holotype) with the 2019 cranium MRD-VP-1/1 from Woranso-Mille for the face; proximal tibia from Kanapoi). Neutral dark-grey background, even lighting, scale bar in centimetres, specimen in standard orientation (skull on the Frankfurt horizontal plane). Source order: (1) museum or institutional open-access collections, (2) licensed 3D scan repositories (e.g. MorphoSource, Smithsonian) with an explicit licence, (3) Wikimedia Commons with a CC licence. Record institution, catalog number, licence, credit and source URL. Never AI-generated; if no licensed image exists, leave the slot empty.",""
"anamensis.S07a","anamensis","S07a","A. anamensis: key bone 1 — mandible with teeth","anatomy-plate","specimen-photo","C","2","4:3","1600×1200","TODO","","mandible KNM-KP 29281 (holotype) with the 2019 cranium MRD-VP-1/1 from Woranso-Mille for the face | proximal tibia from Kanapoi","mandible with teeth. Neutral dark-grey background, even lighting, scale bar in centimetres, specimen in standard orientation (skull on the Frankfurt horizontal plane). Source order: (1) museum or institutional open-access collections, (2) licensed 3D scan repositories (e.g. MorphoSource, Smithsonian) with an explicit licence, (3) Wikimedia Commons with a CC licence. Record institution, catalog number, licence, credit and source URL. Never AI-generated; if no licensed image exists, leave the slot empty.",""
"anamensis.S07b","anamensis","S07b","A. anamensis: key bone 2 — proximal tibia","anatomy-plate","specimen-photo","C","2","4:3","1600×1200","TODO","","mandible KNM-KP 29281 (holotype) with the 2019 cranium MRD-VP-1/1 from Woranso-Mille for the face | proximal tibia from Kanapoi","proximal tibia. Neutral dark-grey background, even lighting, scale bar in centimetres, specimen in standard orientation (skull on the Frankfurt horizontal plane). Source order: (1) museum or institutional open-access collections, (2) licensed 3D scan repositories (e.g. MorphoSource, Smithsonian) with an explicit licence, (3) Wikimedia Commons with a CC licence. Record institution, catalog number, licence, credit and source URL. Never AI-generated; if no licensed image exists, leave the slot empty.",""
"anamensis.S08","anamensis","S08","A. anamensis: annotated anatomy diagram","anatomy-plate","context-schematic","B","3","free (SVG)","vector + 1600 px WebP fallback","TODO","","mandible KNM-KP 29281 (holotype) with the 2019 cranium MRD-VP-1/1 from Woranso-Mille for the face | proximal tibia from Kanapoi","Vector diagram traced from the S04/S05 images. Label at most six diagnostic traits, each backed by a sourced claim: parallel tooth rows; large canine; tibia joint surface (upright walking); prognathic face. Label text comes from claim records, not free text.",""
"anamensis.S09","anamensis","S09","A. anamensis: scale against an adult human","scale-reference","context-schematic","A","3","free (SVG)","vector + 1600 px WebP fallback","TODO","","mandible KNM-KP 29281 (holotype) with the 2019 cranium MRD-VP-1/1 from Woranso-Mille for the face | proximal tibia from Kanapoi","Generated by script: height and mass drawn as uncertainty BANDS next to a 170 cm adult-human silhouette, labelled “estimate”. Source ranges: unknown from a complete skeleton; the tibia indicates upright walking; draw a small adult (about 120–140 cm, verify) as an estimate. No individual-looking figure.",""
"anamensis.S10","anamensis","S10","A. anamensis: habitat","habitat","reconstruction","D","1","16:9","1920×1080","TODO","","mandible KNM-KP 29281 (holotype) with the 2019 cranium MRD-VP-1/1 from Woranso-Mille for the face | proximal tibia from Kanapoi","Paleoenvironment landscape with NO hominins. Prompt provided. Fauna kinds must be verified against the site faunal list.","prompts/anamensis.md"
"anamensis.S11","anamensis","S11","A. anamensis: behaviour","behavior","reconstruction","D","3","4:3","1600×1200","NOT-APPLICABLE","No source-supported behaviour for this taxon; revisit only when evidence is registered.","mandible KNM-KP 29281 (holotype) with the 2019 cranium MRD-VP-1/1 from Woranso-Mille for the face | proximal tibia from Kanapoi","No source-supported behaviour exists; the slot stays empty until evidence is registered.",""
"anamensis.S12","anamensis","S12","A. anamensis: type or principal site","context","specimen-photo","C","2","16:9","1920×1080","TODO","","mandible KNM-KP 29281 (holotype) with the 2019 cranium MRD-VP-1/1 from Woranso-Mille for the face | proximal tibia from Kanapoi","Photograph of Kanapoi, Kenya (landscape or excavation). Licensed; if none exists, use a licensed landscape photograph with a site marker and say so in the caption. Source order: (1) museum or institutional open-access collections, (2) licensed 3D scan repositories (e.g. MorphoSource, Smithsonian) with an explicit licence, (3) Wikimedia Commons with a CC licence. Record institution, catalog number, licence, credit and source URL. Never AI-generated; if no licensed image exists, leave the slot empty.",""
"anamensis.S13","anamensis","S13","A. anamensis: sites and range map","context","context-schematic","A","1","free (SVG)","vector + 1600 px WebP fallback","TODO","","mandible KNM-KP 29281 (holotype) with the 2019 cranium MRD-VP-1/1 from Woranso-Mille for the face | proximal tibia from Kanapoi","Generated by script from the site records linked to A. anamensis and the paleo pipeline (phase P3) at the taxon's time slice; uncertainty drawn as soft areas.",""
"anamensis.S14","anamensis","S14","A. anamensis: which parts of the skeleton are known","anatomy-plate","context-schematic","B","3","free (SVG)","vector + 1600 px WebP fallback","TODO","","mandible KNM-KP 29281 (holotype) with the 2019 cranium MRD-VP-1/1 from Woranso-Mille for the face | proximal tibia from Kanapoi","Skeleton-inventory diagram: a base skeleton template with the preserved elements highlighted, element list taken from the specimen record(s): mandible KNM-KP 29281 (holotype) with the 2019 cranium MRD-VP-1/1 from Woranso-Mille for the face; proximal tibia from Kanapoi.",""
"anamensis.X1","anamensis","X1","A. anamensis: Proximal tibia and knee joint diagram","anatomy-plate","context-schematic","B","4","free (SVG)","vector + 1600 px WebP fallback","TODO","","mandible KNM-KP 29281 (holotype) with the 2019 cranium MRD-VP-1/1 from Woranso-Mille for the face | proximal tibia from Kanapoi","Vector diagram from licensed tibia scans; label the joint-surface features linked to upright walking.",""
"afarensis.S01","afarensis","S01","A. afarensis: tree avatar","tree-thumbnail","context-schematic","B","1","1:1","512×512","TODO","","AL 444-2 (adult male cranium, about 550 cc) for the face, with Lucy (AL 288-1, adult female) for body proportions | DIK-1-1 (Dikika child) | AL 333 (“First Family”)","Render of the primary cranium (AL 444-2 (adult male cranium, about 550 cc) for the face, with Lucy (AL 288-1, adult female) for body proportions) in lateral view, square crop, identical camera, light and background preset for all 11 core taxa, legible at 36 px. Built from a licensed scan or cast photograph (see S04 sources); no AI. Must differ visibly from the portrait.",""
"afarensis.S02","afarensis","S02","A. afarensis: portrait","profile-portrait","reconstruction","D","1","4:5","1000×1250","TODO","","AL 444-2 (adult male cranium, about 550 cc) for the face, with Lucy (AL 288-1, adult female) for body proportions | DIK-1-1 (Dikika child) | AL 333 (“First Family”)","Scientific facial reconstruction from the cranium. Prompt provided. Requires reference renders (S04/S05), assumptions sheet and review.","prompts/afarensis.md"
"afarensis.S03","afarensis","S03","A. afarensis: dossier hero","dossier-hero","reconstruction","D","2","16:9","1920×1080","TODO","","AL 444-2 (adult male cranium, about 550 cc) for the face, with Lucy (AL 288-1, adult female) for body proportions | DIK-1-1 (Dikika child) | AL 333 (“First Family”)","Wide environmental scene with 2–3 individuals. Prompt provided. Requires assumptions sheet and review.","prompts/afarensis.md"
"afarensis.S04","afarensis","S04","A. afarensis: cranium, lateral view","specimen-reference","specimen-photo","C","1","4:3","1600×1200","TODO","","AL 444-2 (adult male cranium, about 550 cc) for the face, with Lucy (AL 288-1, adult female) for body proportions | DIK-1-1 (Dikika child) | AL 333 (“First Family”)","Lateral view of AL 444-2 (adult male cranium, about 550 cc) for the face, with Lucy (AL 288-1, adult female) for body proportions. Neutral dark-grey background, even lighting, scale bar in centimetres, specimen in standard orientation (skull on the Frankfurt horizontal plane). Source order: (1) museum or institutional open-access collections, (2) licensed 3D scan repositories (e.g. MorphoSource, Smithsonian) with an explicit licence, (3) Wikimedia Commons with a CC licence. Record institution, catalog number, licence, credit and source URL. Never AI-generated; if no licensed image exists, leave the slot empty.",""
"afarensis.S05","afarensis","S05","A. afarensis: cranium, frontal view","specimen-reference","specimen-photo","C","1","4:3","1600×1200","TODO","","AL 444-2 (adult male cranium, about 550 cc) for the face, with Lucy (AL 288-1, adult female) for body proportions | DIK-1-1 (Dikika child) | AL 333 (“First Family”)","Frontal view of AL 444-2 (adult male cranium, about 550 cc) for the face, with Lucy (AL 288-1, adult female) for body proportions. Neutral dark-grey background, even lighting, scale bar in centimetres, specimen in standard orientation (skull on the Frankfurt horizontal plane). Source order: (1) museum or institutional open-access collections, (2) licensed 3D scan repositories (e.g. MorphoSource, Smithsonian) with an explicit licence, (3) Wikimedia Commons with a CC licence. Record institution, catalog number, licence, credit and source URL. Never AI-generated; if no licensed image exists, leave the slot empty.",""
"afarensis.S06","afarensis","S06","A. afarensis: jaw and teeth, occlusal view","specimen-reference","specimen-photo","C","2","4:3","1600×1200","TODO","","AL 444-2 (adult male cranium, about 550 cc) for the face, with Lucy (AL 288-1, adult female) for body proportions | DIK-1-1 (Dikika child) | AL 333 (“First Family”)","Occlusal view of the best-preserved mandible or maxilla of A. afarensis (AL 444-2 (adult male cranium, about 550 cc) for the face, with Lucy (AL 288-1, adult female) for body proportions; DIK-1-1 (Dikika child); AL 333 (“First Family”)). Neutral dark-grey background, even lighting, scale bar in centimetres, specimen in standard orientation (skull on the Frankfurt horizontal plane). Source order: (1) museum or institutional open-access collections, (2) licensed 3D scan repositories (e.g. MorphoSource, Smithsonian) with an explicit licence, (3) Wikimedia Commons with a CC licence. Record institution, catalog number, licence, credit and source URL. Never AI-generated; if no licensed image exists, leave the slot empty.",""
"afarensis.S07a","afarensis","S07a","A. afarensis: key bone 1 — pelvis (Lucy)","anatomy-plate","specimen-photo","C","2","4:3","1600×1200","TODO","","AL 444-2 (adult male cranium, about 550 cc) for the face, with Lucy (AL 288-1, adult female) for body proportions | DIK-1-1 (Dikika child) | AL 333 (“First Family”)","pelvis (Lucy). Neutral dark-grey background, even lighting, scale bar in centimetres, specimen in standard orientation (skull on the Frankfurt horizontal plane). Source order: (1) museum or institutional open-access collections, (2) licensed 3D scan repositories (e.g. MorphoSource, Smithsonian) with an explicit licence, (3) Wikimedia Commons with a CC licence. Record institution, catalog number, licence, credit and source URL. Never AI-generated; if no licensed image exists, leave the slot empty.",""
"afarensis.S07b","afarensis","S07b","A. afarensis: key bone 2 — femur and knee region (upright-walking evidence)","anatomy-plate","specimen-photo","C","2","4:3","1600×1200","TODO","","AL 444-2 (adult male cranium, about 550 cc) for the face, with Lucy (AL 288-1, adult female) for body proportions | DIK-1-1 (Dikika child) | AL 333 (“First Family”)","femur and knee region (upright-walking evidence). Neutral dark-grey background, even lighting, scale bar in centimetres, specimen in standard orientation (skull on the Frankfurt horizontal plane). Source order: (1) museum or institutional open-access collections, (2) licensed 3D scan repositories (e.g. MorphoSource, Smithsonian) with an explicit licence, (3) Wikimedia Commons with a CC licence. Record institution, catalog number, licence, credit and source URL. Never AI-generated; if no licensed image exists, leave the slot empty.",""
"afarensis.S08","afarensis","S08","A. afarensis: annotated anatomy diagram","anatomy-plate","context-schematic","B","3","free (SVG)","vector + 1600 px WebP fallback","TODO","","AL 444-2 (adult male cranium, about 550 cc) for the face, with Lucy (AL 288-1, adult female) for body proportions | DIK-1-1 (Dikika child) | AL 333 (“First Family”)","Vector diagram traced from the S04/S05 images. Label at most six diagnostic traits, each backed by a sourced claim: prognathic face; muscle crests in males; long arms with curved fingers; bell-shaped ribcage; upright-walking pelvis and legs. Label text comes from claim records, not free text.",""
"afarensis.S09","afarensis","S09","A. afarensis: scale against an adult human","scale-reference","context-schematic","A","3","free (SVG)","vector + 1600 px WebP fallback","TODO","","AL 444-2 (adult male cranium, about 550 cc) for the face, with Lucy (AL 288-1, adult female) for body proportions | DIK-1-1 (Dikika child) | AL 333 (“First Family”)","Generated by script: height and mass drawn as uncertainty BANDS next to a 170 cm adult-human silhouette, labelled “estimate”. Source ranges: females about 105 cm and 25–30 kg; males up to about 150 cm and 40–45 kg (verify). No individual-looking figure.",""
"afarensis.S10","afarensis","S10","A. afarensis: habitat","habitat","reconstruction","D","1","16:9","1920×1080","TODO","","AL 444-2 (adult male cranium, about 550 cc) for the face, with Lucy (AL 288-1, adult female) for body proportions | DIK-1-1 (Dikika child) | AL 333 (“First Family”)","Paleoenvironment landscape with NO hominins. Prompt provided. Fauna kinds must be verified against the site faunal list.","prompts/afarensis.md"
"afarensis.S11","afarensis","S11","A. afarensis: Upright walking on fresh volcanic ash (Laetoli trackway)","behavior","reconstruction","D","3","4:3","1600×1200","TODO","","AL 444-2 (adult male cranium, about 550 cc) for the face, with Lucy (AL 288-1, adult female) for body proportions | DIK-1-1 (Dikika child) | AL 333 (“First Family”)","Behaviour scene limited to what the evidence documents. Prompt provided.","prompts/afarensis.md"
"afarensis.S12","afarensis","S12","A. afarensis: type or principal site","context","specimen-photo","C","2","16:9","1920×1080","TODO","","AL 444-2 (adult male cranium, about 550 cc) for the face, with Lucy (AL 288-1, adult female) for body proportions | DIK-1-1 (Dikika child) | AL 333 (“First Family”)","Photograph of Hadar, Afar, Ethiopia (landscape or excavation). Licensed; if none exists, use a licensed landscape photograph with a site marker and say so in the caption. Source order: (1) museum or institutional open-access collections, (2) licensed 3D scan repositories (e.g. MorphoSource, Smithsonian) with an explicit licence, (3) Wikimedia Commons with a CC licence. Record institution, catalog number, licence, credit and source URL. Never AI-generated; if no licensed image exists, leave the slot empty.",""
"afarensis.S13","afarensis","S13","A. afarensis: sites and range map","context","context-schematic","A","1","free (SVG)","vector + 1600 px WebP fallback","TODO","","AL 444-2 (adult male cranium, about 550 cc) for the face, with Lucy (AL 288-1, adult female) for body proportions | DIK-1-1 (Dikika child) | AL 333 (“First Family”)","Generated by script from the site records linked to A. afarensis and the paleo pipeline (phase P3) at the taxon's time slice; uncertainty drawn as soft areas.",""
"afarensis.S14","afarensis","S14","A. afarensis: which parts of the skeleton are known","anatomy-plate","context-schematic","B","3","free (SVG)","vector + 1600 px WebP fallback","TODO","","AL 444-2 (adult male cranium, about 550 cc) for the face, with Lucy (AL 288-1, adult female) for body proportions | DIK-1-1 (Dikika child) | AL 333 (“First Family”)","Skeleton-inventory diagram: a base skeleton template with the preserved elements highlighted, element list taken from the specimen record(s): AL 444-2 (adult male cranium, about 550 cc) for the face, with Lucy (AL 288-1, adult female) for body proportions; DIK-1-1 (Dikika child); AL 333 (“First Family”).",""
"afarensis.X1","afarensis","X1","A. afarensis: Laetoli footprint trail with scale","context","specimen-photo","C","4","4:3","1600×1200","TODO","","AL 444-2 (adult male cranium, about 550 cc) for the face, with Lucy (AL 288-1, adult female) for body proportions | DIK-1-1 (Dikika child) | AL 333 (“First Family”)","Photograph or cast of the Laetoli G-trail with a scale bar. Source order: (1) museum or institutional open-access collections, (2) licensed 3D scan repositories (e.g. MorphoSource, Smithsonian) with an explicit licence, (3) Wikimedia Commons with a CC licence. Record institution, catalog number, licence, credit and source URL. Never AI-generated; if no licensed image exists, leave the slot empty.",""
"afarensis.X2","afarensis","X2","A. afarensis: Dikika child (DIK-1-1)","specimen-reference","specimen-photo","C","4","4:3","1600×1200","TODO","","DIK-1-1","Photograph of the cranium and skeleton elements. Neutral dark-grey background, even lighting, scale bar in centimetres, specimen in standard orientation (skull on the Frankfurt horizontal plane). Source order: (1) museum or institutional open-access collections, (2) licensed 3D scan repositories (e.g. MorphoSource, Smithsonian) with an explicit licence, (3) Wikimedia Commons with a CC licence. Record institution, catalog number, licence, credit and source URL. Never AI-generated; if no licensed image exists, leave the slot empty.",""
"africanus.S01","africanus","S01","A. africanus: tree avatar","tree-thumbnail","context-schematic","B","1","1:1","512×512","TODO","","Sts 71 (adult cranium), compared with Sts 5 (“Mrs Ples”) and the Taung child (type) | Taung 1 (juvenile)","Render of the primary cranium (Sts 71 (adult cranium), compared with Sts 5 (“Mrs Ples”) and the Taung child (type)) in lateral view, square crop, identical camera, light and background preset for all 11 core taxa, legible at 36 px. Built from a licensed scan or cast photograph (see S04 sources); no AI. Must differ visibly from the portrait.",""
"africanus.S02","africanus","S02","A. africanus: portrait","profile-portrait","reconstruction","D","1","4:5","1000×1250","TODO","","Sts 71 (adult cranium), compared with Sts 5 (“Mrs Ples”) and the Taung child (type) | Taung 1 (juvenile)","Scientific facial reconstruction from the cranium. Prompt provided. Requires reference renders (S04/S05), assumptions sheet and review.","prompts/africanus.md"
"africanus.S03","africanus","S03","A. africanus: dossier hero","dossier-hero","reconstruction","D","2","16:9","1920×1080","TODO","","Sts 71 (adult cranium), compared with Sts 5 (“Mrs Ples”) and the Taung child (type) | Taung 1 (juvenile)","Wide environmental scene with 2–3 individuals. Prompt provided. Requires assumptions sheet and review.","prompts/africanus.md"
"africanus.S04","africanus","S04","A. africanus: cranium, lateral view","specimen-reference","specimen-photo","C","1","4:3","1600×1200","TODO","","Sts 71 (adult cranium), compared with Sts 5 (“Mrs Ples”) and the Taung child (type) | Taung 1 (juvenile)","Lateral view of Sts 71 (adult cranium), compared with Sts 5 (“Mrs Ples”) and the Taung child (type). Neutral dark-grey background, even lighting, scale bar in centimetres, specimen in standard orientation (skull on the Frankfurt horizontal plane). Source order: (1) museum or institutional open-access collections, (2) licensed 3D scan repositories (e.g. MorphoSource, Smithsonian) with an explicit licence, (3) Wikimedia Commons with a CC licence. Record institution, catalog number, licence, credit and source URL. Never AI-generated; if no licensed image exists, leave the slot empty.",""
"africanus.S05","africanus","S05","A. africanus: cranium, frontal view","specimen-reference","specimen-photo","C","1","4:3","1600×1200","TODO","","Sts 71 (adult cranium), compared with Sts 5 (“Mrs Ples”) and the Taung child (type) | Taung 1 (juvenile)","Frontal view of Sts 71 (adult cranium), compared with Sts 5 (“Mrs Ples”) and the Taung child (type). Neutral dark-grey background, even lighting, scale bar in centimetres, specimen in standard orientation (skull on the Frankfurt horizontal plane). Source order: (1) museum or institutional open-access collections, (2) licensed 3D scan repositories (e.g. MorphoSource, Smithsonian) with an explicit licence, (3) Wikimedia Commons with a CC licence. Record institution, catalog number, licence, credit and source URL. Never AI-generated; if no licensed image exists, leave the slot empty.",""
"africanus.S06","africanus","S06","A. africanus: jaw and teeth, occlusal view","specimen-reference","specimen-photo","C","2","4:3","1600×1200","TODO","","Sts 71 (adult cranium), compared with Sts 5 (“Mrs Ples”) and the Taung child (type) | Taung 1 (juvenile)","Occlusal view of the best-preserved mandible or maxilla of A. africanus (Sts 71 (adult cranium), compared with Sts 5 (“Mrs Ples”) and the Taung child (type); Taung 1 (juvenile)). Neutral dark-grey background, even lighting, scale bar in centimetres, specimen in standard orientation (skull on the Frankfurt horizontal plane). Source order: (1) museum or institutional open-access collections, (2) licensed 3D scan repositories (e.g. MorphoSource, Smithsonian) with an explicit licence, (3) Wikimedia Commons with a CC licence. Record institution, catalog number, licence, credit and source URL. Never AI-generated; if no licensed image exists, leave the slot empty.",""
"africanus.S07a","africanus","S07a","A. africanus: key bone 1 — Taung child skull with endocast","anatomy-plate","specimen-photo","C","2","4:3","1600×1200","TODO","","Sts 71 (adult cranium), compared with Sts 5 (“Mrs Ples”) and the Taung child (type) | Taung 1 (juvenile)","Taung child skull with endocast. Neutral dark-grey background, even lighting, scale bar in centimetres, specimen in standard orientation (skull on the Frankfurt horizontal plane). Source order: (1) museum or institutional open-access collections, (2) licensed 3D scan repositories (e.g. MorphoSource, Smithsonian) with an explicit licence, (3) Wikimedia Commons with a CC licence. Record institution, catalog number, licence, credit and source URL. Never AI-generated; if no licensed image exists, leave the slot empty.",""
"africanus.S07b","africanus","S07b","A. africanus: key bone 2 — pelvis or limb bone (Sterkfontein)","anatomy-plate","specimen-photo","C","2","4:3","1600×1200","TODO","","Sts 71 (adult cranium), compared with Sts 5 (“Mrs Ples”) and the Taung child (type) | Taung 1 (juvenile)","pelvis or limb bone (Sterkfontein). Neutral dark-grey background, even lighting, scale bar in centimetres, specimen in standard orientation (skull on the Frankfurt horizontal plane). Source order: (1) museum or institutional open-access collections, (2) licensed 3D scan repositories (e.g. MorphoSource, Smithsonian) with an explicit licence, (3) Wikimedia Commons with a CC licence. Record institution, catalog number, licence, credit and source URL. Never AI-generated; if no licensed image exists, leave the slot empty.",""
"africanus.S08","africanus","S08","A. africanus: annotated anatomy diagram","anatomy-plate","context-schematic","B","3","free (SVG)","vector + 1600 px WebP fallback","TODO","","Sts 71 (adult cranium), compared with Sts 5 (“Mrs Ples”) and the Taung child (type) | Taung 1 (juvenile)","Vector diagram traced from the S04/S05 images. Label at most six diagnostic traits, each backed by a sourced claim: rounded braincase; reduced prognathism; large cheek teeth; long arms, short legs. Label text comes from claim records, not free text.",""
"africanus.S09","africanus","S09","A. africanus: scale against an adult human","scale-reference","context-schematic","A","3","free (SVG)","vector + 1600 px WebP fallback","TODO","","Sts 71 (adult cranium), compared with Sts 5 (“Mrs Ples”) and the Taung child (type) | Taung 1 (juvenile)","Generated by script: height and mass drawn as uncertainty BANDS next to a 170 cm adult-human silhouette, labelled “estimate”. Source ranges: about 115–140 cm and 30–45 kg (verify); long arms relative to legs. No individual-looking figure.",""
"africanus.S10","africanus","S10","A. africanus: habitat","habitat","reconstruction","D","1","16:9","1920×1080","TODO","","Sts 71 (adult cranium), compared with Sts 5 (“Mrs Ples”) and the Taung child (type) | Taung 1 (juvenile)","Paleoenvironment landscape with NO hominins. Prompt provided. Fauna kinds must be verified against the site faunal list.","prompts/africanus.md"
"africanus.S11","africanus","S11","A. africanus: behaviour","behavior","reconstruction","D","3","4:3","1600×1200","NOT-APPLICABLE","No source-supported behaviour for this taxon; revisit only when evidence is registered.","Sts 71 (adult cranium), compared with Sts 5 (“Mrs Ples”) and the Taung child (type) | Taung 1 (juvenile)","No source-supported behaviour exists; the slot stays empty until evidence is registered.",""
"africanus.S12","africanus","S12","A. africanus: type or principal site","context","specimen-photo","C","2","16:9","1920×1080","TODO","","Sts 71 (adult cranium), compared with Sts 5 (“Mrs Ples”) and the Taung child (type) | Taung 1 (juvenile)","Photograph of Taung, South Africa (landscape or excavation). Licensed; if none exists, use a licensed landscape photograph with a site marker and say so in the caption. Source order: (1) museum or institutional open-access collections, (2) licensed 3D scan repositories (e.g. MorphoSource, Smithsonian) with an explicit licence, (3) Wikimedia Commons with a CC licence. Record institution, catalog number, licence, credit and source URL. Never AI-generated; if no licensed image exists, leave the slot empty.",""
"africanus.S13","africanus","S13","A. africanus: sites and range map","context","context-schematic","A","1","free (SVG)","vector + 1600 px WebP fallback","TODO","","Sts 71 (adult cranium), compared with Sts 5 (“Mrs Ples”) and the Taung child (type) | Taung 1 (juvenile)","Generated by script from the site records linked to A. africanus and the paleo pipeline (phase P3) at the taxon's time slice; uncertainty drawn as soft areas.",""
"africanus.S14","africanus","S14","A. africanus: which parts of the skeleton are known","anatomy-plate","context-schematic","B","3","free (SVG)","vector + 1600 px WebP fallback","TODO","","Sts 71 (adult cranium), compared with Sts 5 (“Mrs Ples”) and the Taung child (type) | Taung 1 (juvenile)","Skeleton-inventory diagram: a base skeleton template with the preserved elements highlighted, element list taken from the specimen record(s): Sts 71 (adult cranium), compared with Sts 5 (“Mrs Ples”) and the Taung child (type); Taung 1 (juvenile).",""
"africanus.X1","africanus","X1","A. africanus: Taung child skull with endocast","specimen-reference","specimen-photo","C","4","4:3","1600×1200","TODO","","Taung 1","Photograph of the Taung child skull. Neutral dark-grey background, even lighting, scale bar in centimetres, specimen in standard orientation (skull on the Frankfurt horizontal plane). Source order: (1) museum or institutional open-access collections, (2) licensed 3D scan repositories (e.g. MorphoSource, Smithsonian) with an explicit licence, (3) Wikimedia Commons with a CC licence. Record institution, catalog number, licence, credit and source URL. Never AI-generated; if no licensed image exists, leave the slot empty.",""
"africanus.X2","africanus","X2","A. africanus: Taung child: eagle-damage diagram","anatomy-plate","context-schematic","B","4","free (SVG)","vector + 1600 px WebP fallback","TODO","","Sts 71 (adult cranium), compared with Sts 5 (“Mrs Ples”) and the Taung child (type) | Taung 1 (juvenile)","Vector diagram of the orbit and skull damage pattern attributed to a large bird of prey; draw only what the publication documents.",""
"habilis.S01","habilis","S01","H. habilis: tree avatar","tree-thumbnail","context-schematic","B","1","1:1","512×512","TODO","","OH 16 (cranium, about 638 cc), compared with KNM-ER 1813 (smaller cranium, about 510 cc) and OH 24 | OH 7 (holotype)","Render of the primary cranium (OH 16 (cranium, about 638 cc), compared with KNM-ER 1813 (smaller cranium, about 510 cc) and OH 24) in lateral view, square crop, identical camera, light and background preset for all 11 core taxa, legible at 36 px. Built from a licensed scan or cast photograph (see S04 sources); no AI. Must differ visibly from the portrait.",""
"habilis.S02","habilis","S02","H. habilis: portrait","profile-portrait","reconstruction","D","1","4:5","1000×1250","TODO","","OH 16 (cranium, about 638 cc), compared with KNM-ER 1813 (smaller cranium, about 510 cc) and OH 24 | OH 7 (holotype)","Scientific facial reconstruction from the cranium. Prompt provided. Requires reference renders (S04/S05), assumptions sheet and review.","prompts/habilis.md"
"habilis.S03","habilis","S03","H. habilis: dossier hero","dossier-hero","reconstruction","D","2","16:9","1920×1080","TODO","","OH 16 (cranium, about 638 cc), compared with KNM-ER 1813 (smaller cranium, about 510 cc) and OH 24 | OH 7 (holotype)","Wide environmental scene with 2–3 individuals. Prompt provided. Requires assumptions sheet and review.","prompts/habilis.md"
"habilis.S04","habilis","S04","H. habilis: cranium, lateral view","specimen-reference","specimen-photo","C","1","4:3","1600×1200","TODO","","OH 16 (cranium, about 638 cc), compared with KNM-ER 1813 (smaller cranium, about 510 cc) and OH 24 | OH 7 (holotype)","Lateral view of OH 16 (cranium, about 638 cc), compared with KNM-ER 1813 (smaller cranium, about 510 cc) and OH 24. Neutral dark-grey background, even lighting, scale bar in centimetres, specimen in standard orientation (skull on the Frankfurt horizontal plane). Source order: (1) museum or institutional open-access collections, (2) licensed 3D scan repositories (e.g. MorphoSource, Smithsonian) with an explicit licence, (3) Wikimedia Commons with a CC licence. Record institution, catalog number, licence, credit and source URL. Never AI-generated; if no licensed image exists, leave the slot empty.",""
"habilis.S05","habilis","S05","H. habilis: cranium, frontal view","specimen-reference","specimen-photo","C","1","4:3","1600×1200","TODO","","OH 16 (cranium, about 638 cc), compared with KNM-ER 1813 (smaller cranium, about 510 cc) and OH 24 | OH 7 (holotype)","Frontal view of OH 16 (cranium, about 638 cc), compared with KNM-ER 1813 (smaller cranium, about 510 cc) and OH 24. Neutral dark-grey background, even lighting, scale bar in centimetres, specimen in standard orientation (skull on the Frankfurt horizontal plane). Source order: (1) museum or institutional open-access collections, (2) licensed 3D scan repositories (e.g. MorphoSource, Smithsonian) with an explicit licence, (3) Wikimedia Commons with a CC licence. Record institution, catalog number, licence, credit and source URL. Never AI-generated; if no licensed image exists, leave the slot empty.",""
"habilis.S06","habilis","S06","H. habilis: jaw and teeth, occlusal view","specimen-reference","specimen-photo","C","2","4:3","1600×1200","TODO","","OH 16 (cranium, about 638 cc), compared with KNM-ER 1813 (smaller cranium, about 510 cc) and OH 24 | OH 7 (holotype)","Occlusal view of the best-preserved mandible or maxilla of H. habilis (OH 16 (cranium, about 638 cc), compared with KNM-ER 1813 (smaller cranium, about 510 cc) and OH 24; OH 7 (holotype)). Neutral dark-grey background, even lighting, scale bar in centimetres, specimen in standard orientation (skull on the Frankfurt horizontal plane). Source order: (1) museum or institutional open-access collections, (2) licensed 3D scan repositories (e.g. MorphoSource, Smithsonian) with an explicit licence, (3) Wikimedia Commons with a CC licence. Record institution, catalog number, licence, credit and source URL. Never AI-generated; if no licensed image exists, leave the slot empty.",""
"habilis.S07a","habilis","S07a","H. habilis: key bone 1 — cranium OH 24 or KNM-ER 1813 (lateral and frontal)","anatomy-plate","specimen-photo","C","2","4:3","1600×1200","TODO","","OH 16 (cranium, about 638 cc), compared with KNM-ER 1813 (smaller cranium, about 510 cc) and OH 24 | OH 7 (holotype)","cranium OH 24 or KNM-ER 1813 (lateral and frontal). Neutral dark-grey background, even lighting, scale bar in centimetres, specimen in standard orientation (skull on the Frankfurt horizontal plane). Source order: (1) museum or institutional open-access collections, (2) licensed 3D scan repositories (e.g. MorphoSource, Smithsonian) with an explicit licence, (3) Wikimedia Commons with a CC licence. Record institution, catalog number, licence, credit and source URL. Never AI-generated; if no licensed image exists, leave the slot empty.",""
"habilis.S07b","habilis","S07b","H. habilis: key bone 2 — mandible with teeth (OH 7)","anatomy-plate","specimen-photo","C","2","4:3","1600×1200","TODO","","OH 16 (cranium, about 638 cc), compared with KNM-ER 1813 (smaller cranium, about 510 cc) and OH 24 | OH 7 (holotype)","mandible with teeth (OH 7). Neutral dark-grey background, even lighting, scale bar in centimetres, specimen in standard orientation (skull on the Frankfurt horizontal plane). Source order: (1) museum or institutional open-access collections, (2) licensed 3D scan repositories (e.g. MorphoSource, Smithsonian) with an explicit licence, (3) Wikimedia Commons with a CC licence. Record institution, catalog number, licence, credit and source URL. Never AI-generated; if no licensed image exists, leave the slot empty.",""
"habilis.S08","habilis","S08","H. habilis: annotated anatomy diagram","anatomy-plate","context-schematic","B","3","free (SVG)","vector + 1600 px WebP fallback","TODO","","OH 16 (cranium, about 638 cc), compared with KNM-ER 1813 (smaller cranium, about 510 cc) and OH 24 | OH 7 (holotype)","Vector diagram traced from the S04/S05 images. Label at most six diagnostic traits, each backed by a sourced claim: larger, rounder braincase; less projecting face; smaller cheek teeth; moderate brow ridge. Label text comes from claim records, not free text.",""
"habilis.S09","habilis","S09","H. habilis: scale against an adult human","scale-reference","context-schematic","A","3","free (SVG)","vector + 1600 px WebP fallback","TODO","","OH 16 (cranium, about 638 cc), compared with KNM-ER 1813 (smaller cranium, about 510 cc) and OH 24 | OH 7 (holotype)","Generated by script: height and mass drawn as uncertainty BANDS next to a 170 cm adult-human silhouette, labelled “estimate”. Source ranges: small: about 100–135 cm and 30–40 kg (verify); arm proportions debated. No individual-looking figure.",""
"habilis.S10","habilis","S10","H. habilis: habitat","habitat","reconstruction","D","1","16:9","1920×1080","TODO","","OH 16 (cranium, about 638 cc), compared with KNM-ER 1813 (smaller cranium, about 510 cc) and OH 24 | OH 7 (holotype)","Paleoenvironment landscape with NO hominins. Prompt provided. Fauna kinds must be verified against the site faunal list.","prompts/habilis.md"
"habilis.S11","habilis","S11","H. habilis: Making and using Oldowan stone tools at a lake margin","behavior","reconstruction","D","3","4:3","1600×1200","TODO","","OH 16 (cranium, about 638 cc), compared with KNM-ER 1813 (smaller cranium, about 510 cc) and OH 24 | OH 7 (holotype)","Behaviour scene limited to what the evidence documents. Prompt provided.","prompts/habilis.md"
"habilis.S12","habilis","S12","H. habilis: type or principal site","context","specimen-photo","C","2","16:9","1920×1080","TODO","","OH 16 (cranium, about 638 cc), compared with KNM-ER 1813 (smaller cranium, about 510 cc) and OH 24 | OH 7 (holotype)","Photograph of Olduvai Gorge (Bed I), Tanzania (landscape or excavation). Licensed; if none exists, use a licensed landscape photograph with a site marker and say so in the caption. Source order: (1) museum or institutional open-access collections, (2) licensed 3D scan repositories (e.g. MorphoSource, Smithsonian) with an explicit licence, (3) Wikimedia Commons with a CC licence. Record institution, catalog number, licence, credit and source URL. Never AI-generated; if no licensed image exists, leave the slot empty.",""
"habilis.S13","habilis","S13","H. habilis: sites and range map","context","context-schematic","A","1","free (SVG)","vector + 1600 px WebP fallback","TODO","","OH 16 (cranium, about 638 cc), compared with KNM-ER 1813 (smaller cranium, about 510 cc) and OH 24 | OH 7 (holotype)","Generated by script from the site records linked to H. habilis and the paleo pipeline (phase P3) at the taxon's time slice; uncertainty drawn as soft areas.",""
"habilis.S14","habilis","S14","H. habilis: which parts of the skeleton are known","anatomy-plate","context-schematic","B","3","free (SVG)","vector + 1600 px WebP fallback","TODO","","OH 16 (cranium, about 638 cc), compared with KNM-ER 1813 (smaller cranium, about 510 cc) and OH 24 | OH 7 (holotype)","Skeleton-inventory diagram: a base skeleton template with the preserved elements highlighted, element list taken from the specimen record(s): OH 16 (cranium, about 638 cc), compared with KNM-ER 1813 (smaller cranium, about 510 cc) and OH 24; OH 7 (holotype).",""
"habilis.X1","habilis","X1","H. habilis: OH 24 (“Twiggy”) cranium","specimen-reference","specimen-photo","C","4","4:3","1600×1200","TODO","","OH 24","Photograph of OH 24 (distorted cranium; note the distortion in the caption). Neutral dark-grey background, even lighting, scale bar in centimetres, specimen in standard orientation (skull on the Frankfurt horizontal plane). Source order: (1) museum or institutional open-access collections, (2) licensed 3D scan repositories (e.g. MorphoSource, Smithsonian) with an explicit licence, (3) Wikimedia Commons with a CC licence. Record institution, catalog number, licence, credit and source URL. Never AI-generated; if no licensed image exists, leave the slot empty.",""
"erectus.S01","erectus","S01","H. erectus: tree avatar","tree-thumbnail","context-schematic","B","1","1:1","512×512","TODO","","Dmanisi D2282 (about 1.8 million years old), compared with D2700 and Asian H. erectus crania | KNM-WT 15000 (Turkana Boy; catalogued under H. ergaster)","Render of the primary cranium (Dmanisi D2282 (about 1.8 million years old), compared with D2700 and Asian H. erectus crania) in lateral view, square crop, identical camera, light and background preset for all 11 core taxa, legible at 36 px. Built from a licensed scan or cast photograph (see S04 sources); no AI. Must differ visibly from the portrait.",""
"erectus.S02","erectus","S02","H. erectus: portrait","profile-portrait","reconstruction","D","1","4:5","1000×1250","TODO","","Dmanisi D2282 (about 1.8 million years old), compared with D2700 and Asian H. erectus crania | KNM-WT 15000 (Turkana Boy; catalogued under H. ergaster)","Scientific facial reconstruction from the cranium. Prompt provided. Requires reference renders (S04/S05), assumptions sheet and review.","prompts/erectus.md"
"erectus.S03","erectus","S03","H. erectus: dossier hero","dossier-hero","reconstruction","D","2","16:9","1920×1080","TODO","","Dmanisi D2282 (about 1.8 million years old), compared with D2700 and Asian H. erectus crania | KNM-WT 15000 (Turkana Boy; catalogued under H. ergaster)","Wide environmental scene with 2–3 individuals. Prompt provided. Requires assumptions sheet and review.","prompts/erectus.md"
"erectus.S04","erectus","S04","H. erectus: cranium, lateral view","specimen-reference","specimen-photo","C","1","4:3","1600×1200","TODO","","Dmanisi D2282 (about 1.8 million years old), compared with D2700 and Asian H. erectus crania | KNM-WT 15000 (Turkana Boy; catalogued under H. ergaster)","Lateral view of Dmanisi D2282 (about 1.8 million years old), compared with D2700 and Asian H. erectus crania. Neutral dark-grey background, even lighting, scale bar in centimetres, specimen in standard orientation (skull on the Frankfurt horizontal plane). Source order: (1) museum or institutional open-access collections, (2) licensed 3D scan repositories (e.g. MorphoSource, Smithsonian) with an explicit licence, (3) Wikimedia Commons with a CC licence. Record institution, catalog number, licence, credit and source URL. Never AI-generated; if no licensed image exists, leave the slot empty.",""
"erectus.S05","erectus","S05","H. erectus: cranium, frontal view","specimen-reference","specimen-photo","C","1","4:3","1600×1200","TODO","","Dmanisi D2282 (about 1.8 million years old), compared with D2700 and Asian H. erectus crania | KNM-WT 15000 (Turkana Boy; catalogued under H. ergaster)","Frontal view of Dmanisi D2282 (about 1.8 million years old), compared with D2700 and Asian H. erectus crania. Neutral dark-grey background, even lighting, scale bar in centimetres, specimen in standard orientation (skull on the Frankfurt horizontal plane). Source order: (1) museum or institutional open-access collections, (2) licensed 3D scan repositories (e.g. MorphoSource, Smithsonian) with an explicit licence, (3) Wikimedia Commons with a CC licence. Record institution, catalog number, licence, credit and source URL. Never AI-generated; if no licensed image exists, leave the slot empty.",""
"erectus.S06","erectus","S06","H. erectus: jaw and teeth, occlusal view","specimen-reference","specimen-photo","C","2","4:3","1600×1200","TODO","","Dmanisi D2282 (about 1.8 million years old), compared with D2700 and Asian H. erectus crania | KNM-WT 15000 (Turkana Boy; catalogued under H. ergaster)","Occlusal view of the best-preserved mandible or maxilla of H. erectus (Dmanisi D2282 (about 1.8 million years old), compared with D2700 and Asian H. erectus crania; KNM-WT 15000 (Turkana Boy; catalogued under H. ergaster)). Neutral dark-grey background, even lighting, scale bar in centimetres, specimen in standard orientation (skull on the Frankfurt horizontal plane). Source order: (1) museum or institutional open-access collections, (2) licensed 3D scan repositories (e.g. MorphoSource, Smithsonian) with an explicit licence, (3) Wikimedia Commons with a CC licence. Record institution, catalog number, licence, credit and source URL. Never AI-generated; if no licensed image exists, leave the slot empty.",""
"erectus.S07a","erectus","S07a","H. erectus: key bone 1 — cranium D2700 or D4500 (lateral and frontal)","anatomy-plate","specimen-photo","C","2","4:3","1600×1200","TODO","","Dmanisi D2282 (about 1.8 million years old), compared with D2700 and Asian H. erectus crania | KNM-WT 15000 (Turkana Boy; catalogued under H. ergaster)","cranium D2700 or D4500 (lateral and frontal). Neutral dark-grey background, even lighting, scale bar in centimetres, specimen in standard orientation (skull on the Frankfurt horizontal plane). Source order: (1) museum or institutional open-access collections, (2) licensed 3D scan repositories (e.g. MorphoSource, Smithsonian) with an explicit licence, (3) Wikimedia Commons with a CC licence. Record institution, catalog number, licence, credit and source URL. Never AI-generated; if no licensed image exists, leave the slot empty.",""
"erectus.S07b","erectus","S07b","H. erectus: key bone 2 — femur or tibia (long-legged body proportions)","anatomy-plate","specimen-photo","C","2","4:3","1600×1200","TODO","","Dmanisi D2282 (about 1.8 million years old), compared with D2700 and Asian H. erectus crania | KNM-WT 15000 (Turkana Boy; catalogued under H. ergaster)","femur or tibia (long-legged body proportions). Neutral dark-grey background, even lighting, scale bar in centimetres, specimen in standard orientation (skull on the Frankfurt horizontal plane). Source order: (1) museum or institutional open-access collections, (2) licensed 3D scan repositories (e.g. MorphoSource, Smithsonian) with an explicit licence, (3) Wikimedia Commons with a CC licence. Record institution, catalog number, licence, credit and source URL. Never AI-generated; if no licensed image exists, leave the slot empty.",""
"erectus.S08","erectus","S08","H. erectus: annotated anatomy diagram","anatomy-plate","context-schematic","B","3","free (SVG)","vector + 1600 px WebP fallback","TODO","","Dmanisi D2282 (about 1.8 million years old), compared with D2700 and Asian H. erectus crania | KNM-WT 15000 (Turkana Boy; catalogued under H. ergaster)","Vector diagram traced from the S04/S05 images. Label at most six diagnostic traits, each backed by a sourced claim: long, low vault; thick brow ridge; sagittal keel; modern-like limb proportions. Label text comes from claim records, not free text.",""
"erectus.S09","erectus","S09","H. erectus: scale against an adult human","scale-reference","context-schematic","A","3","free (SVG)","vector + 1600 px WebP fallback","TODO","","Dmanisi D2282 (about 1.8 million years old), compared with D2700 and Asian H. erectus crania | KNM-WT 15000 (Turkana Boy; catalogued under H. ergaster)","Generated by script: height and mass drawn as uncertainty BANDS next to a 170 cm adult-human silhouette, labelled “estimate”. Source ranges: Dmanisi adults about 145–166 cm; later H. erectus up to about 170–180 cm (verify); about 40–68 kg; long legs, modern-like proportions. No individual-looking figure.",""
"erectus.S10","erectus","S10","H. erectus: habitat","habitat","reconstruction","D","1","16:9","1920×1080","TODO","","Dmanisi D2282 (about 1.8 million years old), compared with D2700 and Asian H. erectus crania | KNM-WT 15000 (Turkana Boy; catalogued under H. ergaster)","Paleoenvironment landscape with NO hominins. Prompt provided. Fauna kinds must be verified against the site faunal list.","prompts/erectus.md"
"erectus.S11","erectus","S11","H. erectus: Butchering a carcass with simple flake tools (Dmanisi)","behavior","reconstruction","D","3","4:3","1600×1200","TODO","","Dmanisi D2282 (about 1.8 million years old), compared with D2700 and Asian H. erectus crania | KNM-WT 15000 (Turkana Boy; catalogued under H. ergaster)","Behaviour scene limited to what the evidence documents. Prompt provided.","prompts/erectus.md"
"erectus.S12","erectus","S12","H. erectus: type or principal site","context","specimen-photo","C","2","16:9","1920×1080","TODO","","Dmanisi D2282 (about 1.8 million years old), compared with D2700 and Asian H. erectus crania | KNM-WT 15000 (Turkana Boy; catalogued under H. ergaster)","Photograph of Dmanisi, Georgia (landscape or excavation). Licensed; if none exists, use a licensed landscape photograph with a site marker and say so in the caption. Source order: (1) museum or institutional open-access collections, (2) licensed 3D scan repositories (e.g. MorphoSource, Smithsonian) with an explicit licence, (3) Wikimedia Commons with a CC licence. Record institution, catalog number, licence, credit and source URL. Never AI-generated; if no licensed image exists, leave the slot empty.",""
"erectus.S13","erectus","S13","H. erectus: sites and range map","context","context-schematic","A","1","free (SVG)","vector + 1600 px WebP fallback","TODO","","Dmanisi D2282 (about 1.8 million years old), compared with D2700 and Asian H. erectus crania | KNM-WT 15000 (Turkana Boy; catalogued under H. ergaster)","Generated by script from the site records linked to H. erectus and the paleo pipeline (phase P3) at the taxon's time slice; uncertainty drawn as soft areas.",""
"erectus.S14","erectus","S14","H. erectus: which parts of the skeleton are known","anatomy-plate","context-schematic","B","3","free (SVG)","vector + 1600 px WebP fallback","TODO","","Dmanisi D2282 (about 1.8 million years old), compared with D2700 and Asian H. erectus crania | KNM-WT 15000 (Turkana Boy; catalogued under H. ergaster)","Skeleton-inventory diagram: a base skeleton template with the preserved elements highlighted, element list taken from the specimen record(s): Dmanisi D2282 (about 1.8 million years old), compared with D2700 and Asian H. erectus crania; KNM-WT 15000 (Turkana Boy; catalogued under H. ergaster).",""
"erectus.X1","erectus","X1","H. erectus: Dmanisi crania series showing variation","comparative-morphology","specimen-photo","C","4","4:3","1600×1200","TODO","","D2282, D2700, D4500","Aligned lateral views of the Dmanisi crania at one scale. Neutral dark-grey background, even lighting, scale bar in centimetres, specimen in standard orientation (skull on the Frankfurt horizontal plane). Source order: (1) museum or institutional open-access collections, (2) licensed 3D scan repositories (e.g. MorphoSource, Smithsonian) with an explicit licence, (3) Wikimedia Commons with a CC licence. Record institution, catalog number, licence, credit and source URL. Never AI-generated; if no licensed image exists, leave the slot empty.",""
"heidelbergensis.S01","heidelbergensis","S01","H. heidelbergensis: tree avatar","tree-thumbnail","context-schematic","B","1","1:1","512×512","BLOCKED-NO-SPECIMEN","No specimen record exists in content/specimens.ts yet; no image may be made before it exists.","Kabwe 1 (Broken Hill) cranium, adult, probably male, about 1,280 cc | Mauer 1 mandible (type) | Boxgrove tibia","Render of the primary cranium (Kabwe 1 (Broken Hill) cranium, adult, probably male, about 1,280 cc) in lateral view, square crop, identical camera, light and background preset for all 11 core taxa, legible at 36 px. Built from a licensed scan or cast photograph (see S04 sources); no AI. Must differ visibly from the portrait.",""
"heidelbergensis.S02","heidelbergensis","S02","H. heidelbergensis: portrait","profile-portrait","reconstruction","D","1","4:5","1000×1250","BLOCKED-NO-SPECIMEN","No specimen record exists in content/specimens.ts yet; no image may be made before it exists.","Kabwe 1 (Broken Hill) cranium, adult, probably male, about 1,280 cc | Mauer 1 mandible (type) | Boxgrove tibia","Scientific facial reconstruction from the cranium. Prompt provided. Requires reference renders (S04/S05), assumptions sheet and review.","prompts/heidelbergensis.md"
"heidelbergensis.S03","heidelbergensis","S03","H. heidelbergensis: dossier hero","dossier-hero","reconstruction","D","2","16:9","1920×1080","BLOCKED-NO-SPECIMEN","No specimen record exists in content/specimens.ts yet; no image may be made before it exists.","Kabwe 1 (Broken Hill) cranium, adult, probably male, about 1,280 cc | Mauer 1 mandible (type) | Boxgrove tibia","Wide environmental scene with 2–3 individuals. Prompt provided. Requires assumptions sheet and review.","prompts/heidelbergensis.md"
"heidelbergensis.S04","heidelbergensis","S04","H. heidelbergensis: cranium, lateral view","specimen-reference","specimen-photo","C","1","4:3","1600×1200","BLOCKED-NO-SPECIMEN","No specimen record exists in content/specimens.ts yet; no image may be made before it exists.","Kabwe 1 (Broken Hill) cranium, adult, probably male, about 1,280 cc | Mauer 1 mandible (type) | Boxgrove tibia","Lateral view of Kabwe 1 (Broken Hill) cranium, adult, probably male, about 1,280 cc. Neutral dark-grey background, even lighting, scale bar in centimetres, specimen in standard orientation (skull on the Frankfurt horizontal plane). Source order: (1) museum or institutional open-access collections, (2) licensed 3D scan repositories (e.g. MorphoSource, Smithsonian) with an explicit licence, (3) Wikimedia Commons with a CC licence. Record institution, catalog number, licence, credit and source URL. Never AI-generated; if no licensed image exists, leave the slot empty.",""
"heidelbergensis.S05","heidelbergensis","S05","H. heidelbergensis: cranium, frontal view","specimen-reference","specimen-photo","C","1","4:3","1600×1200","BLOCKED-NO-SPECIMEN","No specimen record exists in content/specimens.ts yet; no image may be made before it exists.","Kabwe 1 (Broken Hill) cranium, adult, probably male, about 1,280 cc | Mauer 1 mandible (type) | Boxgrove tibia","Frontal view of Kabwe 1 (Broken Hill) cranium, adult, probably male, about 1,280 cc. Neutral dark-grey background, even lighting, scale bar in centimetres, specimen in standard orientation (skull on the Frankfurt horizontal plane). Source order: (1) museum or institutional open-access collections, (2) licensed 3D scan repositories (e.g. MorphoSource, Smithsonian) with an explicit licence, (3) Wikimedia Commons with a CC licence. Record institution, catalog number, licence, credit and source URL. Never AI-generated; if no licensed image exists, leave the slot empty.",""
"heidelbergensis.S06","heidelbergensis","S06","H. heidelbergensis: jaw and teeth, occlusal view","specimen-reference","specimen-photo","C","2","4:3","1600×1200","BLOCKED-NO-SPECIMEN","No specimen record exists in content/specimens.ts yet; no image may be made before it exists.","Kabwe 1 (Broken Hill) cranium, adult, probably male, about 1,280 cc | Mauer 1 mandible (type) | Boxgrove tibia","Occlusal view of the best-preserved mandible or maxilla of H. heidelbergensis (Kabwe 1 (Broken Hill) cranium, adult, probably male, about 1,280 cc; Mauer 1 mandible (type); Boxgrove tibia). Neutral dark-grey background, even lighting, scale bar in centimetres, specimen in standard orientation (skull on the Frankfurt horizontal plane). Source order: (1) museum or institutional open-access collections, (2) licensed 3D scan repositories (e.g. MorphoSource, Smithsonian) with an explicit licence, (3) Wikimedia Commons with a CC licence. Record institution, catalog number, licence, credit and source URL. Never AI-generated; if no licensed image exists, leave the slot empty.",""
"heidelbergensis.S07a","heidelbergensis","S07a","H. heidelbergensis: key bone 1 — Kabwe 1 cranium, lateral and frontal","anatomy-plate","specimen-photo","C","2","4:3","1600×1200","BLOCKED-NO-SPECIMEN","No specimen record exists in content/specimens.ts yet; no image may be made before it exists.","Kabwe 1 (Broken Hill) cranium, adult, probably male, about 1,280 cc | Mauer 1 mandible (type) | Boxgrove tibia","Kabwe 1 cranium, lateral and frontal. Neutral dark-grey background, even lighting, scale bar in centimetres, specimen in standard orientation (skull on the Frankfurt horizontal plane). Source order: (1) museum or institutional open-access collections, (2) licensed 3D scan repositories (e.g. MorphoSource, Smithsonian) with an explicit licence, (3) Wikimedia Commons with a CC licence. Record institution, catalog number, licence, credit and source URL. Never AI-generated; if no licensed image exists, leave the slot empty.",""
"heidelbergensis.S07b","heidelbergensis","S07b","H. heidelbergensis: key bone 2 — Boxgrove tibia","anatomy-plate","specimen-photo","C","2","4:3","1600×1200","BLOCKED-NO-SPECIMEN","No specimen record exists in content/specimens.ts yet; no image may be made before it exists.","Kabwe 1 (Broken Hill) cranium, adult, probably male, about 1,280 cc | Mauer 1 mandible (type) | Boxgrove tibia","Boxgrove tibia. Neutral dark-grey background, even lighting, scale bar in centimetres, specimen in standard orientation (skull on the Frankfurt horizontal plane). Source order: (1) museum or institutional open-access collections, (2) licensed 3D scan repositories (e.g. MorphoSource, Smithsonian) with an explicit licence, (3) Wikimedia Commons with a CC licence. Record institution, catalog number, licence, credit and source URL. Never AI-generated; if no licensed image exists, leave the slot empty.",""
"heidelbergensis.S08","heidelbergensis","S08","H. heidelbergensis: annotated anatomy diagram","anatomy-plate","context-schematic","B","3","free (SVG)","vector + 1600 px WebP fallback","BLOCKED-NO-SPECIMEN","No specimen record exists in content/specimens.ts yet; no image may be made before it exists.","Kabwe 1 (Broken Hill) cranium, adult, probably male, about 1,280 cc | Mauer 1 mandible (type) | Boxgrove tibia","Vector diagram traced from the S04/S05 images. Label at most six diagnostic traits, each backed by a sourced claim: double-arched brow ridge; large braincase; broad nasal opening; no true chin. Label text comes from claim records, not free text.",""
"heidelbergensis.S09","heidelbergensis","S09","H. heidelbergensis: scale against an adult human","scale-reference","context-schematic","A","3","free (SVG)","vector + 1600 px WebP fallback","BLOCKED-NO-SPECIMEN","No specimen record exists in content/specimens.ts yet; no image may be made before it exists.","Kabwe 1 (Broken Hill) cranium, adult, probably male, about 1,280 cc | Mauer 1 mandible (type) | Boxgrove tibia","Generated by script: height and mass drawn as uncertainty BANDS next to a 170 cm adult-human silhouette, labelled “estimate”. Source ranges: tall and robust: about 170–180 cm and 70–90 kg (Boxgrove tibia; verify). No individual-looking figure.",""
"heidelbergensis.S10","heidelbergensis","S10","H. heidelbergensis: habitat","habitat","reconstruction","D","1","16:9","1920×1080","BLOCKED-NO-SPECIMEN","No specimen record exists in content/specimens.ts yet; no image may be made before it exists.","Kabwe 1 (Broken Hill) cranium, adult, probably male, about 1,280 cc | Mauer 1 mandible (type) | Boxgrove tibia","Paleoenvironment landscape with NO hominins. Prompt provided. Fauna kinds must be verified against the site faunal list.","prompts/heidelbergensis.md"
"heidelbergensis.S11","heidelbergensis","S11","H. heidelbergensis: Butchering a horse with Acheulean handaxes (Boxgrove-type site)","behavior","reconstruction","D","3","4:3","1600×1200","BLOCKED-NO-SPECIMEN","No specimen record exists in content/specimens.ts yet; no image may be made before it exists.","Kabwe 1 (Broken Hill) cranium, adult, probably male, about 1,280 cc | Mauer 1 mandible (type) | Boxgrove tibia","Behaviour scene limited to what the evidence documents. Prompt provided.","prompts/heidelbergensis.md"
"heidelbergensis.S12","heidelbergensis","S12","H. heidelbergensis: type or principal site","context","specimen-photo","C","2","16:9","1920×1080","BLOCKED-NO-SPECIMEN","No specimen record exists in content/specimens.ts yet; no image may be made before it exists.","Kabwe 1 (Broken Hill) cranium, adult, probably male, about 1,280 cc | Mauer 1 mandible (type) | Boxgrove tibia","Photograph of Mauer (Germany) and Boxgrove (England) (landscape or excavation). Licensed; if none exists, use a licensed landscape photograph with a site marker and say so in the caption. Source order: (1) museum or institutional open-access collections, (2) licensed 3D scan repositories (e.g. MorphoSource, Smithsonian) with an explicit licence, (3) Wikimedia Commons with a CC licence. Record institution, catalog number, licence, credit and source URL. Never AI-generated; if no licensed image exists, leave the slot empty.",""
"heidelbergensis.S13","heidelbergensis","S13","H. heidelbergensis: sites and range map","context","context-schematic","A","1","free (SVG)","vector + 1600 px WebP fallback","BLOCKED-NO-SPECIMEN","No specimen record exists in content/specimens.ts yet; no image may be made before it exists.","Kabwe 1 (Broken Hill) cranium, adult, probably male, about 1,280 cc | Mauer 1 mandible (type) | Boxgrove tibia","Generated by script from the site records linked to H. heidelbergensis and the paleo pipeline (phase P3) at the taxon's time slice; uncertainty drawn as soft areas.",""
"heidelbergensis.S14","heidelbergensis","S14","H. heidelbergensis: which parts of the skeleton are known","anatomy-plate","context-schematic","B","3","free (SVG)","vector + 1600 px WebP fallback","BLOCKED-NO-SPECIMEN","No specimen record exists in content/specimens.ts yet; no image may be made before it exists.","Kabwe 1 (Broken Hill) cranium, adult, probably male, about 1,280 cc | Mauer 1 mandible (type) | Boxgrove tibia","Skeleton-inventory diagram: a base skeleton template with the preserved elements highlighted, element list taken from the specimen record(s): Kabwe 1 (Broken Hill) cranium, adult, probably male, about 1,280 cc; Mauer 1 mandible (type); Boxgrove tibia.",""
"heidelbergensis.X1","heidelbergensis","X1","H. heidelbergensis: Schöningen wooden spears","behavior","specimen-photo","C","4","4:3","1600×1200","BLOCKED-NO-SPECIMEN","No specimen record exists in content/specimens.ts yet; no image may be made before it exists.","Kabwe 1 (Broken Hill) cranium, adult, probably male, about 1,280 cc | Mauer 1 mandible (type) | Boxgrove tibia","Photograph of the Schöningen spears. Hominin attribution to H. heidelbergensis is debated; say so in the caption. Source order: (1) museum or institutional open-access collections, (2) licensed 3D scan repositories (e.g. MorphoSource, Smithsonian) with an explicit licence, (3) Wikimedia Commons with a CC licence. Record institution, catalog number, licence, credit and source URL. Never AI-generated; if no licensed image exists, leave the slot empty.",""
"neanderthal.S01","neanderthal","S01","Neanderthal: tree avatar","tree-thumbnail","context-schematic","B","1","1:1","512×512","TODO","","Neanderthal 1 (Feldhofer, adult male), compared with La Chapelle-aux-Saints 1 | Vindija Neanderthals | Kebara 2","Render of the primary cranium (Neanderthal 1 (Feldhofer, adult male), compared with La Chapelle-aux-Saints 1) in lateral view, square crop, identical camera, light and background preset for all 11 core taxa, legible at 36 px. Built from a licensed scan or cast photograph (see S04 sources); no AI. Must differ visibly from the portrait.",""
"neanderthal.S02","neanderthal","S02","Neanderthal: portrait","profile-portrait","reconstruction","D","1","4:5","1000×1250","TODO","","Neanderthal 1 (Feldhofer, adult male), compared with La Chapelle-aux-Saints 1 | Vindija Neanderthals | Kebara 2","Scientific facial reconstruction from the cranium. Prompt provided. Requires reference renders (S04/S05), assumptions sheet and review.","prompts/neanderthal.md"
"neanderthal.S03","neanderthal","S03","Neanderthal: dossier hero","dossier-hero","reconstruction","D","2","16:9","1920×1080","TODO","","Neanderthal 1 (Feldhofer, adult male), compared with La Chapelle-aux-Saints 1 | Vindija Neanderthals | Kebara 2","Wide environmental scene with 2–3 individuals. Prompt provided. Requires assumptions sheet and review.","prompts/neanderthal.md"
"neanderthal.S04","neanderthal","S04","Neanderthal: cranium, lateral view","specimen-reference","specimen-photo","C","1","4:3","1600×1200","TODO","","Neanderthal 1 (Feldhofer, adult male), compared with La Chapelle-aux-Saints 1 | Vindija Neanderthals | Kebara 2","Lateral view of Neanderthal 1 (Feldhofer, adult male), compared with La Chapelle-aux-Saints 1. Neutral dark-grey background, even lighting, scale bar in centimetres, specimen in standard orientation (skull on the Frankfurt horizontal plane). Source order: (1) museum or institutional open-access collections, (2) licensed 3D scan repositories (e.g. MorphoSource, Smithsonian) with an explicit licence, (3) Wikimedia Commons with a CC licence. Record institution, catalog number, licence, credit and source URL. Never AI-generated; if no licensed image exists, leave the slot empty.",""
"neanderthal.S05","neanderthal","S05","Neanderthal: cranium, frontal view","specimen-reference","specimen-photo","C","1","4:3","1600×1200","TODO","","Neanderthal 1 (Feldhofer, adult male), compared with La Chapelle-aux-Saints 1 | Vindija Neanderthals | Kebara 2","Frontal view of Neanderthal 1 (Feldhofer, adult male), compared with La Chapelle-aux-Saints 1. Neutral dark-grey background, even lighting, scale bar in centimetres, specimen in standard orientation (skull on the Frankfurt horizontal plane). Source order: (1) museum or institutional open-access collections, (2) licensed 3D scan repositories (e.g. MorphoSource, Smithsonian) with an explicit licence, (3) Wikimedia Commons with a CC licence. Record institution, catalog number, licence, credit and source URL. Never AI-generated; if no licensed image exists, leave the slot empty.",""
"neanderthal.S06","neanderthal","S06","Neanderthal: jaw and teeth, occlusal view","specimen-reference","specimen-photo","C","2","4:3","1600×1200","TODO","","Neanderthal 1 (Feldhofer, adult male), compared with La Chapelle-aux-Saints 1 | Vindija Neanderthals | Kebara 2","Occlusal view of the best-preserved mandible or maxilla of Neanderthal (Neanderthal 1 (Feldhofer, adult male), compared with La Chapelle-aux-Saints 1; Vindija Neanderthals; Kebara 2). Neutral dark-grey background, even lighting, scale bar in centimetres, specimen in standard orientation (skull on the Frankfurt horizontal plane). Source order: (1) museum or institutional open-access collections, (2) licensed 3D scan repositories (e.g. MorphoSource, Smithsonian) with an explicit licence, (3) Wikimedia Commons with a CC licence. Record institution, catalog number, licence, credit and source URL. Never AI-generated; if no licensed image exists, leave the slot empty.",""
"neanderthal.S07a","neanderthal","S07a","Neanderthal: key bone 1 — La Chapelle-aux-Saints 1 cranium, lateral and frontal","anatomy-plate","specimen-photo","C","2","4:3","1600×1200","TODO","","Neanderthal 1 (Feldhofer, adult male), compared with La Chapelle-aux-Saints 1 | Vindija Neanderthals | Kebara 2","La Chapelle-aux-Saints 1 cranium, lateral and frontal. Neutral dark-grey background, even lighting, scale bar in centimetres, specimen in standard orientation (skull on the Frankfurt horizontal plane). Source order: (1) museum or institutional open-access collections, (2) licensed 3D scan repositories (e.g. MorphoSource, Smithsonian) with an explicit licence, (3) Wikimedia Commons with a CC licence. Record institution, catalog number, licence, credit and source URL. Never AI-generated; if no licensed image exists, leave the slot empty.",""
"neanderthal.S07b","neanderthal","S07b","Neanderthal: key bone 2 — pelvis or rib cage (Kebara 2)","anatomy-plate","specimen-photo","C","2","4:3","1600×1200","TODO","","Neanderthal 1 (Feldhofer, adult male), compared with La Chapelle-aux-Saints 1 | Vindija Neanderthals | Kebara 2","pelvis or rib cage (Kebara 2). Neutral dark-grey background, even lighting, scale bar in centimetres, specimen in standard orientation (skull on the Frankfurt horizontal plane). Source order: (1) museum or institutional open-access collections, (2) licensed 3D scan repositories (e.g. MorphoSource, Smithsonian) with an explicit licence, (3) Wikimedia Commons with a CC licence. Record institution, catalog number, licence, credit and source URL. Never AI-generated; if no licensed image exists, leave the slot empty.",""
"neanderthal.S08","neanderthal","S08","Neanderthal: annotated anatomy diagram","anatomy-plate","context-schematic","B","3","free (SVG)","vector + 1600 px WebP fallback","TODO","","Neanderthal 1 (Feldhofer, adult male), compared with La Chapelle-aux-Saints 1 | Vindija Neanderthals | Kebara 2","Vector diagram traced from the S04/S05 images. Label at most six diagnostic traits, each backed by a sourced claim: occipital bun; double-arched brow ridges; large nasal opening; retromolar space; robust, barrel-chested build. Label text comes from claim records, not free text.",""
"neanderthal.S09","neanderthal","S09","Neanderthal: scale against an adult human","scale-reference","context-schematic","A","3","free (SVG)","vector + 1600 px WebP fallback","TODO","","Neanderthal 1 (Feldhofer, adult male), compared with La Chapelle-aux-Saints 1 | Vindija Neanderthals | Kebara 2","Generated by script: height and mass drawn as uncertainty BANDS next to a 170 cm adult-human silhouette, labelled “estimate”. Source ranges: males about 164–168 cm and 64–77 kg; stocky, with a broad chest and relatively short forearms and shins. No individual-looking figure.",""
"neanderthal.S10","neanderthal","S10","Neanderthal: habitat","habitat","reconstruction","D","1","16:9","1920×1080","TODO","","Neanderthal 1 (Feldhofer, adult male), compared with La Chapelle-aux-Saints 1 | Vindija Neanderthals | Kebara 2","Paleoenvironment landscape with NO hominins. Prompt provided. Fauna kinds must be verified against the site faunal list.","prompts/neanderthal.md"
"neanderthal.S11","neanderthal","S11","Neanderthal: Hafting a stone point to a wooden shaft with birch-tar adhesive (Mousterian)","behavior","reconstruction","D","3","4:3","1600×1200","TODO","","Neanderthal 1 (Feldhofer, adult male), compared with La Chapelle-aux-Saints 1 | Vindija Neanderthals | Kebara 2","Behaviour scene limited to what the evidence documents. Prompt provided.","prompts/neanderthal.md"
"neanderthal.S12","neanderthal","S12","Neanderthal: type or principal site","context","specimen-photo","C","2","16:9","1920×1080","TODO","","Neanderthal 1 (Feldhofer, adult male), compared with La Chapelle-aux-Saints 1 | Vindija Neanderthals | Kebara 2","Photograph of Feldhofer Cave (Neander Valley), Germany (landscape or excavation). Licensed; if none exists, use a licensed landscape photograph with a site marker and say so in the caption. Source order: (1) museum or institutional open-access collections, (2) licensed 3D scan repositories (e.g. MorphoSource, Smithsonian) with an explicit licence, (3) Wikimedia Commons with a CC licence. Record institution, catalog number, licence, credit and source URL. Never AI-generated; if no licensed image exists, leave the slot empty.",""
"neanderthal.S13","neanderthal","S13","Neanderthal: sites and range map","context","context-schematic","A","1","free (SVG)","vector + 1600 px WebP fallback","TODO","","Neanderthal 1 (Feldhofer, adult male), compared with La Chapelle-aux-Saints 1 | Vindija Neanderthals | Kebara 2","Generated by script from the site records linked to Neanderthal and the paleo pipeline (phase P3) at the taxon's time slice; uncertainty drawn as soft areas.",""
"neanderthal.S14","neanderthal","S14","Neanderthal: which parts of the skeleton are known","anatomy-plate","context-schematic","B","3","free (SVG)","vector + 1600 px WebP fallback","TODO","","Neanderthal 1 (Feldhofer, adult male), compared with La Chapelle-aux-Saints 1 | Vindija Neanderthals | Kebara 2","Skeleton-inventory diagram: a base skeleton template with the preserved elements highlighted, element list taken from the specimen record(s): Neanderthal 1 (Feldhofer, adult male), compared with La Chapelle-aux-Saints 1; Vindija Neanderthals; Kebara 2.",""
"neanderthal.X1","neanderthal","X1","Neanderthal: Interpreted burial: excavation record (contested)","context","specimen-photo","C","4","4:3","1600×1200","TODO","","Neanderthal 1 (Feldhofer, adult male), compared with La Chapelle-aux-Saints 1 | Vindija Neanderthals | Kebara 2","Excavation photograph or plan of an interpreted burial (for example Kebara 2 or Shanidar). The caption must say the burial interpretation is contested where it is. Source order: (1) museum or institutional open-access collections, (2) licensed 3D scan repositories (e.g. MorphoSource, Smithsonian) with an explicit licence, (3) Wikimedia Commons with a CC licence. Record institution, catalog number, licence, credit and source URL. Never AI-generated; if no licensed image exists, leave the slot empty.",""
"neanderthal.X2","neanderthal","X2","Neanderthal: Kebara 2 hyoid","specimen-reference","specimen-photo","C","4","4:3","1600×1200","TODO","","Kebara 2","Photograph of the Kebara 2 hyoid with a scale bar. Source order: (1) museum or institutional open-access collections, (2) licensed 3D scan repositories (e.g. MorphoSource, Smithsonian) with an explicit licence, (3) Wikimedia Commons with a CC licence. Record institution, catalog number, licence, credit and source URL. Never AI-generated; if no licensed image exists, leave the slot empty.",""
"neanderthal.X3","neanderthal","X3","Neanderthal: Neanderthal, Denisovan and sapiens admixture diagram","context","context-schematic","A","4","free (SVG)","vector + 1600 px WebP fallback","TODO","","Neanderthal 1 (Feldhofer, adult male), compared with La Chapelle-aux-Saints 1 | Vindija Neanderthals | Kebara 2","Generated by script from sourced admixture estimates; show ranges and the study each number comes from; no invented percentages.",""
"sapiens.S01","sapiens","S01","H. sapiens: tree avatar","tree-thumbnail","context-schematic","B","1","1:1","512×512","TODO","","Qafzeh 6 (early anatomically modern human, about 100,000–90,000 years old), compared with Jebel Irhoud 1 and Qafzeh 9 | Jebel Irhoud (about 315,000 years old) | Omo Kibish I","Render of the primary cranium (Qafzeh 6 (early anatomically modern human, about 100,000–90,000 years old), compared with Jebel Irhoud 1 and Qafzeh 9) in lateral view, square crop, identical camera, light and background preset for all 11 core taxa, legible at 36 px. Built from a licensed scan or cast photograph (see S04 sources); no AI. Must differ visibly from the portrait.",""
"sapiens.S02","sapiens","S02","H. sapiens: portrait","profile-portrait","reconstruction","D","1","4:5","1000×1250","TODO","","Qafzeh 6 (early anatomically modern human, about 100,000–90,000 years old), compared with Jebel Irhoud 1 and Qafzeh 9 | Jebel Irhoud (about 315,000 years old) | Omo Kibish I","Scientific facial reconstruction from the cranium. Prompt provided. Requires reference renders (S04/S05), assumptions sheet and review.","prompts/sapiens.md"
"sapiens.S03","sapiens","S03","H. sapiens: dossier hero","dossier-hero","reconstruction","D","2","16:9","1920×1080","TODO","","Qafzeh 6 (early anatomically modern human, about 100,000–90,000 years old), compared with Jebel Irhoud 1 and Qafzeh 9 | Jebel Irhoud (about 315,000 years old) | Omo Kibish I","Wide environmental scene with 2–3 individuals. Prompt provided. Requires assumptions sheet and review.","prompts/sapiens.md"
"sapiens.S04","sapiens","S04","H. sapiens: cranium, lateral view","specimen-reference","specimen-photo","C","1","4:3","1600×1200","TODO","","Qafzeh 6 (early anatomically modern human, about 100,000–90,000 years old), compared with Jebel Irhoud 1 and Qafzeh 9 | Jebel Irhoud (about 315,000 years old) | Omo Kibish I","Lateral view of Qafzeh 6 (early anatomically modern human, about 100,000–90,000 years old), compared with Jebel Irhoud 1 and Qafzeh 9. Neutral dark-grey background, even lighting, scale bar in centimetres, specimen in standard orientation (skull on the Frankfurt horizontal plane). Source order: (1) museum or institutional open-access collections, (2) licensed 3D scan repositories (e.g. MorphoSource, Smithsonian) with an explicit licence, (3) Wikimedia Commons with a CC licence. Record institution, catalog number, licence, credit and source URL. Never AI-generated; if no licensed image exists, leave the slot empty.",""
"sapiens.S05","sapiens","S05","H. sapiens: cranium, frontal view","specimen-reference","specimen-photo","C","1","4:3","1600×1200","TODO","","Qafzeh 6 (early anatomically modern human, about 100,000–90,000 years old), compared with Jebel Irhoud 1 and Qafzeh 9 | Jebel Irhoud (about 315,000 years old) | Omo Kibish I","Frontal view of Qafzeh 6 (early anatomically modern human, about 100,000–90,000 years old), compared with Jebel Irhoud 1 and Qafzeh 9. Neutral dark-grey background, even lighting, scale bar in centimetres, specimen in standard orientation (skull on the Frankfurt horizontal plane). Source order: (1) museum or institutional open-access collections, (2) licensed 3D scan repositories (e.g. MorphoSource, Smithsonian) with an explicit licence, (3) Wikimedia Commons with a CC licence. Record institution, catalog number, licence, credit and source URL. Never AI-generated; if no licensed image exists, leave the slot empty.",""
"sapiens.S06","sapiens","S06","H. sapiens: jaw and teeth, occlusal view","specimen-reference","specimen-photo","C","2","4:3","1600×1200","TODO","","Qafzeh 6 (early anatomically modern human, about 100,000–90,000 years old), compared with Jebel Irhoud 1 and Qafzeh 9 | Jebel Irhoud (about 315,000 years old) | Omo Kibish I","Occlusal view of the best-preserved mandible or maxilla of H. sapiens (Qafzeh 6 (early anatomically modern human, about 100,000–90,000 years old), compared with Jebel Irhoud 1 and Qafzeh 9; Jebel Irhoud (about 315,000 years old); Omo Kibish I). Neutral dark-grey background, even lighting, scale bar in centimetres, specimen in standard orientation (skull on the Frankfurt horizontal plane). Source order: (1) museum or institutional open-access collections, (2) licensed 3D scan repositories (e.g. MorphoSource, Smithsonian) with an explicit licence, (3) Wikimedia Commons with a CC licence. Record institution, catalog number, licence, credit and source URL. Never AI-generated; if no licensed image exists, leave the slot empty.",""
"sapiens.S07a","sapiens","S07a","H. sapiens: key bone 1 — Qafzeh 6 cranium, lateral and frontal","anatomy-plate","specimen-photo","C","2","4:3","1600×1200","TODO","","Qafzeh 6 (early anatomically modern human, about 100,000–90,000 years old), compared with Jebel Irhoud 1 and Qafzeh 9 | Jebel Irhoud (about 315,000 years old) | Omo Kibish I","Qafzeh 6 cranium, lateral and frontal. Neutral dark-grey background, even lighting, scale bar in centimetres, specimen in standard orientation (skull on the Frankfurt horizontal plane). Source order: (1) museum or institutional open-access collections, (2) licensed 3D scan repositories (e.g. MorphoSource, Smithsonian) with an explicit licence, (3) Wikimedia Commons with a CC licence. Record institution, catalog number, licence, credit and source URL. Never AI-generated; if no licensed image exists, leave the slot empty.",""
"sapiens.S07b","sapiens","S07b","H. sapiens: key bone 2 — mandible with a chin (Qafzeh)","anatomy-plate","specimen-photo","C","2","4:3","1600×1200","TODO","","Qafzeh 6 (early anatomically modern human, about 100,000–90,000 years old), compared with Jebel Irhoud 1 and Qafzeh 9 | Jebel Irhoud (about 315,000 years old) | Omo Kibish I","mandible with a chin (Qafzeh). Neutral dark-grey background, even lighting, scale bar in centimetres, specimen in standard orientation (skull on the Frankfurt horizontal plane). Source order: (1) museum or institutional open-access collections, (2) licensed 3D scan repositories (e.g. MorphoSource, Smithsonian) with an explicit licence, (3) Wikimedia Commons with a CC licence. Record institution, catalog number, licence, credit and source URL. Never AI-generated; if no licensed image exists, leave the slot empty.",""
"sapiens.S08","sapiens","S08","H. sapiens: annotated anatomy diagram","anatomy-plate","context-schematic","B","3","free (SVG)","vector + 1600 px WebP fallback","TODO","","Qafzeh 6 (early anatomically modern human, about 100,000–90,000 years old), compared with Jebel Irhoud 1 and Qafzeh 9 | Jebel Irhoud (about 315,000 years old) | Omo Kibish I","Vector diagram traced from the S04/S05 images. Label at most six diagnostic traits, each backed by a sourced claim: globular braincase; vertical forehead; reduced brow; chin; small flat face. Label text comes from claim records, not free text.",""
"sapiens.S09","sapiens","S09","H. sapiens: scale against an adult human","scale-reference","context-schematic","A","3","free (SVG)","vector + 1600 px WebP fallback","TODO","","Qafzeh 6 (early anatomically modern human, about 100,000–90,000 years old), compared with Jebel Irhoud 1 and Qafzeh 9 | Jebel Irhoud (about 315,000 years old) | Omo Kibish I","Generated by script: height and mass drawn as uncertainty BANDS next to a 170 cm adult-human silhouette, labelled “estimate”. Source ranges: about 165–180 cm; slender to moderately robust skeleton (verify). No individual-looking figure.",""
"sapiens.S10","sapiens","S10","H. sapiens: habitat","habitat","reconstruction","D","1","16:9","1920×1080","TODO","","Qafzeh 6 (early anatomically modern human, about 100,000–90,000 years old), compared with Jebel Irhoud 1 and Qafzeh 9 | Jebel Irhoud (about 315,000 years old) | Omo Kibish I","Paleoenvironment landscape with NO hominins. Prompt provided. Fauna kinds must be verified against the site faunal list.","prompts/sapiens.md"
"sapiens.S11","sapiens","S11","H. sapiens: Processing red ochre and stringing perforated shell beads (Qafzeh/Skhul)","behavior","reconstruction","D","3","4:3","1600×1200","TODO","","Qafzeh 6 (early anatomically modern human, about 100,000–90,000 years old), compared with Jebel Irhoud 1 and Qafzeh 9 | Jebel Irhoud (about 315,000 years old) | Omo Kibish I","Behaviour scene limited to what the evidence documents. Prompt provided.","prompts/sapiens.md"
"sapiens.S12","sapiens","S12","H. sapiens: type or principal site","context","specimen-photo","C","2","16:9","1920×1080","TODO","","Qafzeh 6 (early anatomically modern human, about 100,000–90,000 years old), compared with Jebel Irhoud 1 and Qafzeh 9 | Jebel Irhoud (about 315,000 years old) | Omo Kibish I","Photograph of Qafzeh Cave, Israel (landscape or excavation). Licensed; if none exists, use a licensed landscape photograph with a site marker and say so in the caption. Source order: (1) museum or institutional open-access collections, (2) licensed 3D scan repositories (e.g. MorphoSource, Smithsonian) with an explicit licence, (3) Wikimedia Commons with a CC licence. Record institution, catalog number, licence, credit and source URL. Never AI-generated; if no licensed image exists, leave the slot empty.",""
"sapiens.S13","sapiens","S13","H. sapiens: sites and range map","context","context-schematic","A","1","free (SVG)","vector + 1600 px WebP fallback","TODO","","Qafzeh 6 (early anatomically modern human, about 100,000–90,000 years old), compared with Jebel Irhoud 1 and Qafzeh 9 | Jebel Irhoud (about 315,000 years old) | Omo Kibish I","Generated by script from the site records linked to H. sapiens and the paleo pipeline (phase P3) at the taxon's time slice; uncertainty drawn as soft areas.",""
"sapiens.S14","sapiens","S14","H. sapiens: which parts of the skeleton are known","anatomy-plate","context-schematic","B","3","free (SVG)","vector + 1600 px WebP fallback","TODO","","Qafzeh 6 (early anatomically modern human, about 100,000–90,000 years old), compared with Jebel Irhoud 1 and Qafzeh 9 | Jebel Irhoud (about 315,000 years old) | Omo Kibish I","Skeleton-inventory diagram: a base skeleton template with the preserved elements highlighted, element list taken from the specimen record(s): Qafzeh 6 (early anatomically modern human, about 100,000–90,000 years old), compared with Jebel Irhoud 1 and Qafzeh 9; Jebel Irhoud (about 315,000 years old); Omo Kibish I.",""
"sapiens.X1","sapiens","X1","H. sapiens: Jebel Irhoud 1: facial reconstruction","profile-portrait","reconstruction","D","4","4:5","1000×1250","TODO","","Jebel Irhoud 1","Reconstruction of the early (about 315,000-year-old) face with a long, low braincase. Prompt provided.","prompts/sapiens.md"
"sapiens.X2","sapiens","X2","H. sapiens: Blombos engraved ochre","behavior","specimen-photo","C","4","4:3","1600×1200","TODO","","Qafzeh 6 (early anatomically modern human, about 100,000–90,000 years old), compared with Jebel Irhoud 1 and Qafzeh 9 | Jebel Irhoud (about 315,000 years old) | Omo Kibish I","Photograph of an engraved ochre piece from Blombos Cave. Source order: (1) museum or institutional open-access collections, (2) licensed 3D scan repositories (e.g. MorphoSource, Smithsonian) with an explicit licence, (3) Wikimedia Commons with a CC licence. Record institution, catalog number, licence, credit and source URL. Never AI-generated; if no licensed image exists, leave the slot empty.",""
"sapiens.X3","sapiens","X3","H. sapiens: Perforated shell beads","behavior","specimen-photo","C","4","4:3","1600×1200","TODO","","Qafzeh 6 (early anatomically modern human, about 100,000–90,000 years old), compared with Jebel Irhoud 1 and Qafzeh 9 | Jebel Irhoud (about 315,000 years old) | Omo Kibish I","Photograph of perforated marine shell beads (for example from Skhul, Qafzeh or Blombos). Source order: (1) museum or institutional open-access collections, (2) licensed 3D scan repositories (e.g. MorphoSource, Smithsonian) with an explicit licence, (3) Wikimedia Commons with a CC licence. Record institution, catalog number, licence, credit and source URL. Never AI-generated; if no licensed image exists, leave the slot empty.",""
"sapiens.X4","sapiens","X4","H. sapiens: Cave art","behavior","specimen-photo","C","4","4:3","1600×1200","TODO","","Qafzeh 6 (early anatomically modern human, about 100,000–90,000 years old), compared with Jebel Irhoud 1 and Qafzeh 9 | Jebel Irhoud (about 315,000 years old) | Omo Kibish I","Photograph of dated cave art. Source order: (1) museum or institutional open-access collections, (2) licensed 3D scan repositories (e.g. MorphoSource, Smithsonian) with an explicit licence, (3) Wikimedia Commons with a CC licence. Record institution, catalog number, licence, credit and source URL. Never AI-generated; if no licensed image exists, leave the slot empty.",""
"sahelanthropus.L1","sahelanthropus","L1","Sahelanthropus: stone-tool kit (flat lay with scale)","behavior","specimen-photo","C","6","4:3","1600×1200","NOT-APPLICABLE","No stone tools are known from Toros-Menalla or from other hominin contexts of about 7 million years ago.","","Not applicable: No stone tools are known from Toros-Menalla or from other hominin contexts of about 7 million years ago.",""
"sahelanthropus.L2","sahelanthropus","L2","Sahelanthropus: key tool type — none","specimen-reference","specimen-photo","C","6","4:3","1600×1200","NOT-APPLICABLE","No stone tools are known from Toros-Menalla or from other hominin contexts of about 7 million years ago.","","Not applicable: No stone tools are known from Toros-Menalla or from other hominin contexts of about 7 million years ago.",""
"sahelanthropus.L3","sahelanthropus","L3","Sahelanthropus: how the tools were made","anatomy-plate","context-schematic","B","6","free (SVG)","vector + 1600 px WebP fallback","NOT-APPLICABLE","No stone tools are known from Toros-Menalla or from other hominin contexts of about 7 million years ago.","","Not applicable: No stone tools are known from Toros-Menalla or from other hominin contexts of about 7 million years ago.",""
"orrin.L1","orrin","L1","Orrorin: stone-tool kit (flat lay with scale)","behavior","specimen-photo","C","6","4:3","1600×1200","NOT-APPLICABLE","No stone tools are known from the Lukeino Formation.","","Not applicable: No stone tools are known from the Lukeino Formation.",""
"orrin.L2","orrin","L2","Orrorin: key tool type — none","specimen-reference","specimen-photo","C","6","4:3","1600×1200","NOT-APPLICABLE","No stone tools are known from the Lukeino Formation.","","Not applicable: No stone tools are known from the Lukeino Formation.",""
"orrin.L3","orrin","L3","Orrorin: how the tools were made","anatomy-plate","context-schematic","B","6","free (SVG)","vector + 1600 px WebP fallback","NOT-APPLICABLE","No stone tools are known from the Lukeino Formation.","","Not applicable: No stone tools are known from the Lukeino Formation.",""
"ardipithecus.L1","ardipithecus","L1","Ardipithecus: stone-tool kit (flat lay with scale)","behavior","specimen-photo","C","6","4:3","1600×1200","NOT-APPLICABLE","No stone tools are known from Aramis or from other Ardipithecus contexts.","","Not applicable: No stone tools are known from Aramis or from other Ardipithecus contexts.",""
"ardipithecus.L2","ardipithecus","L2","Ardipithecus: key tool type — none","specimen-reference","specimen-photo","C","6","4:3","1600×1200","NOT-APPLICABLE","No stone tools are known from Aramis or from other Ardipithecus contexts.","","Not applicable: No stone tools are known from Aramis or from other Ardipithecus contexts.",""
"ardipithecus.L3","ardipithecus","L3","Ardipithecus: how the tools were made","anatomy-plate","context-schematic","B","6","free (SVG)","vector + 1600 px WebP fallback","NOT-APPLICABLE","No stone tools are known from Aramis or from other Ardipithecus contexts.","","Not applicable: No stone tools are known from Aramis or from other Ardipithecus contexts.",""
"anamensis.L1","anamensis","L1","A. anamensis: stone-tool kit (flat lay with scale)","behavior","specimen-photo","C","6","4:3","1600×1200","NOT-APPLICABLE","No stone tools are known from Kanapoi, Allia Bay or Woranso-Mille.","","Not applicable: No stone tools are known from Kanapoi, Allia Bay or Woranso-Mille.",""
"anamensis.L2","anamensis","L2","A. anamensis: key tool type — none","specimen-reference","specimen-photo","C","6","4:3","1600×1200","NOT-APPLICABLE","No stone tools are known from Kanapoi, Allia Bay or Woranso-Mille.","","Not applicable: No stone tools are known from Kanapoi, Allia Bay or Woranso-Mille.",""
"anamensis.L3","anamensis","L3","A. anamensis: how the tools were made","anatomy-plate","context-schematic","B","6","free (SVG)","vector + 1600 px WebP fallback","NOT-APPLICABLE","No stone tools are known from Kanapoi, Allia Bay or Woranso-Mille.","","Not applicable: No stone tools are known from Kanapoi, Allia Bay or Woranso-Mille.",""
"afarensis.L1","afarensis","L1","A. afarensis: stone-tool kit (flat lay with scale)","behavior","specimen-photo","C","6","4:3","1600×1200","NOT-APPLICABLE","No securely attributed stone tools. Lomekwi 3 (about 3.3 million years ago, Kenya) is not attributed to a species, and the cut-marked bones at Dikika (about 3.4 million years ago) are disputed; both appear only in comparative plate C20, as unattributed.","","Not applicable: No securely attributed stone tools. Lomekwi 3 (about 3.3 million years ago, Kenya) is not attributed to a species, and the cut-marked bones at Dikika (about 3.4 million years ago) are disputed; both appear only in comparative plate C20, as unattributed.",""
"afarensis.L2","afarensis","L2","A. afarensis: key tool type — none","specimen-reference","specimen-photo","C","6","4:3","1600×1200","NOT-APPLICABLE","No securely attributed stone tools. Lomekwi 3 (about 3.3 million years ago, Kenya) is not attributed to a species, and the cut-marked bones at Dikika (about 3.4 million years ago) are disputed; both appear only in comparative plate C20, as unattributed.","","Not applicable: No securely attributed stone tools. Lomekwi 3 (about 3.3 million years ago, Kenya) is not attributed to a species, and the cut-marked bones at Dikika (about 3.4 million years ago) are disputed; both appear only in comparative plate C20, as unattributed.",""
"afarensis.L3","afarensis","L3","A. afarensis: how the tools were made","anatomy-plate","context-schematic","B","6","free (SVG)","vector + 1600 px WebP fallback","NOT-APPLICABLE","No securely attributed stone tools. Lomekwi 3 (about 3.3 million years ago, Kenya) is not attributed to a species, and the cut-marked bones at Dikika (about 3.4 million years ago) are disputed; both appear only in comparative plate C20, as unattributed.","","Not applicable: No securely attributed stone tools. Lomekwi 3 (about 3.3 million years ago, Kenya) is not attributed to a species, and the cut-marked bones at Dikika (about 3.4 million years ago) are disputed; both appear only in comparative plate C20, as unattributed.",""
"africanus.L1","africanus","L1","A. africanus: stone-tool kit (flat lay with scale)","behavior","specimen-photo","C","6","4:3","1600×1200","NOT-APPLICABLE","No stone tools are securely associated with A. africanus.","","Not applicable: No stone tools are securely associated with A. africanus.",""
"africanus.L2","africanus","L2","A. africanus: key tool type — none","specimen-reference","specimen-photo","C","6","4:3","1600×1200","NOT-APPLICABLE","No stone tools are securely associated with A. africanus.","","Not applicable: No stone tools are securely associated with A. africanus.",""
"africanus.L3","africanus","L3","A. africanus: how the tools were made","anatomy-plate","context-schematic","B","6","free (SVG)","vector + 1600 px WebP fallback","NOT-APPLICABLE","No stone tools are securely associated with A. africanus.","","Not applicable: No stone tools are securely associated with A. africanus.",""
"habilis.L1","habilis","L1","H. habilis: stone-tool kit (flat lay with scale)","behavior","specimen-photo","C","6","4:3","1600×1200","TODO","","Oldowan (Mode 1): simple core-and-flake technology — type sites: Olduvai Gorge Bed I (for example FLK Zinj, DK); Koobi Fora, Kenya","Licensed photograph of dated artefacts from the Oldowan (Mode 1): simple core-and-flake technology: cobble cores and choppers; hammerstones; unretouched sharp flakes; manuports (carried, unmodified stones). Flat lay on a neutral background with a scale bar; each artefact with site, layer and age. Search terms: Oldowan chopper Olduvai Gorge | Oldowan flake core Koobi Fora | hammerstone Oldowan. Attribution caution: Associated with H. habilis at Olduvai Bed I and Koobi Fora but shared with other hominins such as Paranthropus boisei; the earliest known stone tools (Lomekwi 3, about 3.3 Ma; Gona and Ledi-Geraru, about 2.6 Ma) predate H. habilis. Source order: (1) museum or institutional open-access collections, (2) licensed 3D scan repositories (e.g. MorphoSource, Smithsonian) with an explicit licence, (3) Wikimedia Commons with a CC licence. Record institution, catalog number, licence, credit and source URL. Never AI-generated; if no licensed image exists, leave the slot empty.",""
"habilis.L2","habilis","L2","H. habilis: key tool type — unifacial chopper on a cobble","specimen-reference","specimen-photo","C","6","4:3","1600×1200","TODO","","Oldowan (Mode 1): simple core-and-flake technology — type sites: Olduvai Gorge Bed I (for example FLK Zinj, DK); Koobi Fora, Kenya","Licensed photograph of one dated artefact (unifacial chopper on a cobble), both faces, with a scale bar. Type sites: Olduvai Gorge Bed I (for example FLK Zinj, DK); Koobi Fora, Kenya. Tool authorship is debated; do not label the toolkit as made only by H. habilis. Source order: (1) museum or institutional open-access collections, (2) licensed 3D scan repositories (e.g. MorphoSource, Smithsonian) with an explicit licence, (3) Wikimedia Commons with a CC licence. Record institution, catalog number, licence, credit and source URL. Never AI-generated; if no licensed image exists, leave the slot empty.",""
"habilis.L3","habilis","L3","H. habilis: how the tools were made","anatomy-plate","context-schematic","B","6","free (SVG)","vector + 1600 px WebP fallback","TODO","","Oldowan (Mode 1): simple core-and-flake technology — type sites: Olduvai Gorge Bed I (for example FLK Zinj, DK); Koobi Fora, Kenya","Vector diagram of the reduction sequence: select a cobble, strike the platform with a hammerstone by direct hard-hammer percussion, detach several flakes, then use the sharp flakes and the core. Drawn from licensed artefact images or experimental-replication photographs; labels from claim records. Tool authorship is debated; do not label the toolkit as made only by H. habilis.",""
"erectus.L1","erectus","L1","H. erectus: stone-tool kit (flat lay with scale)","behavior","specimen-photo","C","6","4:3","1600×1200","TODO","","Mode 1 core-and-flake at Dmanisi; Acheulean (Mode 2) with handaxes, cleavers and picks in Africa from about 1.76 Ma and later in Eurasia — type sites: Olduvai Gorge Bed II; Konso, Ethiopia; Kokiselei, Kenya; Dmanisi, Georgia (Mode 1)","Licensed photograph of dated artefacts from the Mode 1 core-and-flake at Dmanisi; Acheulean (Mode 2) with handaxes, cleavers and picks in Africa from about 1.76 Ma and later in Eurasia: bifacial handaxes; cleavers; picks; large flakes used as blanks and unretouched flakes (Dmanisi). Flat lay on a neutral background with a scale bar; each artefact with site, layer and age. Search terms: Acheulean handaxe Olduvai Gorge | Acheulean cleaver Konso | Dmanisi stone tools Mode 1. Attribution caution: Acheulean is associated with H. erectus/H. ergaster and later species; East Asian assemblages largely lack handaxes (the Movius line, whose significance is debated). Source order: (1) museum or institutional open-access collections, (2) licensed 3D scan repositories (e.g. MorphoSource, Smithsonian) with an explicit licence, (3) Wikimedia Commons with a CC licence. Record institution, catalog number, licence, credit and source URL. Never AI-generated; if no licensed image exists, leave the slot empty.",""
"erectus.L2","erectus","L2","H. erectus: key tool type — Acheulean handaxe (bifacial, ovate or pointed) with a cleaver for comparison","specimen-reference","specimen-photo","C","6","4:3","1600×1200","TODO","","Mode 1 core-and-flake at Dmanisi; Acheulean (Mode 2) with handaxes, cleavers and picks in Africa from about 1.76 Ma and later in Eurasia — type sites: Olduvai Gorge Bed II; Konso, Ethiopia; Kokiselei, Kenya; Dmanisi, Georgia (Mode 1)","Licensed photograph of one dated artefact (Acheulean handaxe (bifacial, ovate or pointed) with a cleaver for comparison), both faces, with a scale bar. Type sites: Olduvai Gorge Bed II; Konso, Ethiopia; Kokiselei, Kenya; Dmanisi, Georgia (Mode 1). Do not show Acheulean handaxes in a Dmanisi context: its industry is Mode 1. Source order: (1) museum or institutional open-access collections, (2) licensed 3D scan repositories (e.g. MorphoSource, Smithsonian) with an explicit licence, (3) Wikimedia Commons with a CC licence. Record institution, catalog number, licence, credit and source URL. Never AI-generated; if no licensed image exists, leave the slot empty.",""
"erectus.L3","erectus","L3","H. erectus: how the tools were made","anatomy-plate","context-schematic","B","6","free (SVG)","vector + 1600 px WebP fallback","TODO","","Mode 1 core-and-flake at Dmanisi; Acheulean (Mode 2) with handaxes, cleavers and picks in Africa from about 1.76 Ma and later in Eurasia — type sites: Olduvai Gorge Bed II; Konso, Ethiopia; Kokiselei, Kenya; Dmanisi, Georgia (Mode 1)","Vector diagram of the reduction sequence: detach a large flake or use a cobble as a blank, shape both faces with a hard hammer, then thin the edges with a soft hammer. Drawn from licensed artefact images or experimental-replication photographs; labels from claim records. Do not show Acheulean handaxes in a Dmanisi context: its industry is Mode 1.",""
"heidelbergensis.L1","heidelbergensis","L1","H. heidelbergensis: stone-tool kit (flat lay with scale)","behavior","specimen-photo","C","6","4:3","1600×1200","BLOCKED-NO-SPECIMEN","No specimen record exists in content/specimens.ts yet; no image may be made before it exists.","Late Acheulean and early prepared-core technology (Mode 2 into early Mode 3) — type sites: Boxgrove, England; Kapthurin Formation, Kenya","Licensed photograph of dated artefacts from the Late Acheulean and early prepared-core technology (Mode 2 into early Mode 3): thin, finely made flint handaxes; flint flakes and scrapers; soft hammers of antler or bone (organic); early prepared cores. Flat lay on a neutral background with a scale bar; each artefact with site, layer and age. Search terms: Boxgrove handaxe flint | Acheulean handaxe Middle Pleistocene Europe | Kapthurin Formation prepared core. Attribution caution: Boxgrove handaxes are linked to the Boxgrove tibia attributed to H. heidelbergensis; early prepared-core assemblages in Africa (for example Kapthurin) are linked to the same broad time range; species attribution of the toolmakers is debated. Source order: (1) museum or institutional open-access collections, (2) licensed 3D scan repositories (e.g. MorphoSource, Smithsonian) with an explicit licence, (3) Wikimedia Commons with a CC licence. Record institution, catalog number, licence, credit and source URL. Never AI-generated; if no licensed image exists, leave the slot empty.",""
"heidelbergensis.L2","heidelbergensis","L2","H. heidelbergensis: key tool type — thin ovate flint handaxe (Boxgrove type)","specimen-reference","specimen-photo","C","6","4:3","1600×1200","BLOCKED-NO-SPECIMEN","No specimen record exists in content/specimens.ts yet; no image may be made before it exists.","Late Acheulean and early prepared-core technology (Mode 2 into early Mode 3) — type sites: Boxgrove, England; Kapthurin Formation, Kenya","Licensed photograph of one dated artefact (thin ovate flint handaxe (Boxgrove type)), both faces, with a scale bar. Type sites: Boxgrove, England; Kapthurin Formation, Kenya. The Schöningen spears are wood, not stone, and their hominin attribution is debated (see heidelbergensis.X1). Source order: (1) museum or institutional open-access collections, (2) licensed 3D scan repositories (e.g. MorphoSource, Smithsonian) with an explicit licence, (3) Wikimedia Commons with a CC licence. Record institution, catalog number, licence, credit and source URL. Never AI-generated; if no licensed image exists, leave the slot empty.",""
"heidelbergensis.L3","heidelbergensis","L3","H. heidelbergensis: how the tools were made","anatomy-plate","context-schematic","B","6","free (SVG)","vector + 1600 px WebP fallback","BLOCKED-NO-SPECIMEN","No specimen record exists in content/specimens.ts yet; no image may be made before it exists.","Late Acheulean and early prepared-core technology (Mode 2 into early Mode 3) — type sites: Boxgrove, England; Kapthurin Formation, Kenya","Vector diagram of the reduction sequence: shape a flint nodule into a handaxe with a hard hammer, then thin and finish it with an antler or bone soft hammer. Drawn from licensed artefact images or experimental-replication photographs; labels from claim records. The Schöningen spears are wood, not stone, and their hominin attribution is debated (see heidelbergensis.X1).",""
"neanderthal.L1","neanderthal","L1","Neanderthal: stone-tool kit (flat lay with scale)","behavior","specimen-photo","C","6","4:3","1600×1200","TODO","","Mousterian (Mode 3): Levallois and discoid cores, flakes, points, side-scrapers, denticulates; Quina retouch; hafting with birch-bark tar — type sites: Le Moustier, France (type site); La Ferrassie, France; Combe-Grenal, France","Licensed photograph of dated artefacts from the Mousterian (Mode 3): Levallois and discoid cores, flakes, points, side-scrapers, denticulates; Quina retouch; hafting with birch-bark tar: Levallois flakes and points; side-scrapers; denticulates and notches; retouched points suitable for hafting. Flat lay on a neutral background with a scale bar; each artefact with site, layer and age. Search terms: Mousterian point Le Moustier | Levallois flake Mousterian | Mousterian side scraper La Ferrassie. Attribution caution: Strongly associated with Neanderthals in Europe and western Asia, but the Levantine Mousterian at Skhul and Qafzeh was made by early H. sapiens; transitional industries such as the Châtelperronian are attributed to Neanderthals only with debate. Source order: (1) museum or institutional open-access collections, (2) licensed 3D scan repositories (e.g. MorphoSource, Smithsonian) with an explicit licence, (3) Wikimedia Commons with a CC licence. Record institution, catalog number, licence, credit and source URL. Never AI-generated; if no licensed image exists, leave the slot empty.",""
"neanderthal.L2","neanderthal","L2","Neanderthal: key tool type — Mousterian point or Levallois flake with retouch","specimen-reference","specimen-photo","C","6","4:3","1600×1200","TODO","","Mousterian (Mode 3): Levallois and discoid cores, flakes, points, side-scrapers, denticulates; Quina retouch; hafting with birch-bark tar — type sites: Le Moustier, France (type site); La Ferrassie, France; Combe-Grenal, France","Licensed photograph of one dated artefact (Mousterian point or Levallois flake with retouch), both faces, with a scale bar. Type sites: Le Moustier, France (type site); La Ferrassie, France; Combe-Grenal, France. Do not attribute every Mousterian assemblage to Neanderthals (see the Levant). Source order: (1) museum or institutional open-access collections, (2) licensed 3D scan repositories (e.g. MorphoSource, Smithsonian) with an explicit licence, (3) Wikimedia Commons with a CC licence. Record institution, catalog number, licence, credit and source URL. Never AI-generated; if no licensed image exists, leave the slot empty.",""
"neanderthal.L3","neanderthal","L3","Neanderthal: how the tools were made","anatomy-plate","context-schematic","B","6","free (SVG)","vector + 1600 px WebP fallback","TODO","","Mousterian (Mode 3): Levallois and discoid cores, flakes, points, side-scrapers, denticulates; Quina retouch; hafting with birch-bark tar — type sites: Le Moustier, France (type site); La Ferrassie, France; Combe-Grenal, France","Vector diagram of the reduction sequence: Levallois: prepare the core surface, prepare a striking platform, then detach one predetermined flake. Drawn from licensed artefact images or experimental-replication photographs; labels from claim records. Do not attribute every Mousterian assemblage to Neanderthals (see the Levant).",""
"sapiens.L1","sapiens","L1","H. sapiens: stone-tool kit (flat lay with scale)","behavior","specimen-photo","C","6","4:3","1600×1200","TODO","","African Middle Stone Age (Mode 3): Levallois flakes and points, Still Bay bifacial points, Howiesons Poort backed blades; later Upper Palaeolithic blades and microliths — type sites: Jebel Irhoud, Morocco; Blombos Cave, South Africa; Klasies River, South Africa; Qafzeh and Skhul, Israel","Licensed photograph of dated artefacts from the African Middle Stone Age (Mode 3): Levallois flakes and points, Still Bay bifacial points, Howiesons Poort backed blades; later Upper Palaeolithic blades and microliths: Levallois flakes and points; Still Bay bifacial leaf points (about 75,000 years ago, Blombos); Howiesons Poort backed blades (about 65,000 years ago); bone points and awls (organic; Blombos). Flat lay on a neutral background with a scale bar; each artefact with site, layer and age. Search terms: Still Bay point Blombos | Howiesons Poort backed blade | Jebel Irhoud Levallois flake | Middle Stone Age point Klasies River. Attribution caution: Middle Stone Age toolkits are associated with H. sapiens from about 315,000 years ago (Jebel Irhoud), but similar Mode 3 toolkits were also made by Neanderthals; the Levantine Mousterian at Skhul and Qafzeh is attributed to early H. sapiens. Source order: (1) museum or institutional open-access collections, (2) licensed 3D scan repositories (e.g. MorphoSource, Smithsonian) with an explicit licence, (3) Wikimedia Commons with a CC licence. Record institution, catalog number, licence, credit and source URL. Never AI-generated; if no licensed image exists, leave the slot empty.",""
"sapiens.L2","sapiens","L2","H. sapiens: key tool type — bifacial leaf-shaped Still Bay point (Blombos type)","specimen-reference","specimen-photo","C","6","4:3","1600×1200","TODO","","African Middle Stone Age (Mode 3): Levallois flakes and points, Still Bay bifacial points, Howiesons Poort backed blades; later Upper Palaeolithic blades and microliths — type sites: Jebel Irhoud, Morocco; Blombos Cave, South Africa; Klasies River, South Africa; Qafzeh and Skhul, Israel","Licensed photograph of one dated artefact (bifacial leaf-shaped Still Bay point (Blombos type)), both faces, with a scale bar. Type sites: Jebel Irhoud, Morocco; Blombos Cave, South Africa; Klasies River, South Africa; Qafzeh and Skhul, Israel. Dates and attribution of individual industries are debated; keep each caption to the dated layer. Source order: (1) museum or institutional open-access collections, (2) licensed 3D scan repositories (e.g. MorphoSource, Smithsonian) with an explicit licence, (3) Wikimedia Commons with a CC licence. Record institution, catalog number, licence, credit and source URL. Never AI-generated; if no licensed image exists, leave the slot empty.",""
"sapiens.L3","sapiens","L3","H. sapiens: how the tools were made","anatomy-plate","context-schematic","B","6","free (SVG)","vector + 1600 px WebP fallback","TODO","","African Middle Stone Age (Mode 3): Levallois flakes and points, Still Bay bifacial points, Howiesons Poort backed blades; later Upper Palaeolithic blades and microliths — type sites: Jebel Irhoud, Morocco; Blombos Cave, South Africa; Klasies River, South Africa; Qafzeh and Skhul, Israel","Vector diagram of the reduction sequence: Still Bay point: heat-treat the stone where documented, shape both faces by pressure and soft-hammer flaking into a leaf form. Drawn from licensed artefact images or experimental-replication photographs; labels from claim records. Dates and attribution of individual industries are debated; keep each caption to the dated layer.",""
"compare.C01","","C01","Skull lineup, lateral view, 11 taxa at one scale","comparative-morphology","context-schematic","B","5","free (SVG)","vector + 1600 px WebP fallback","TODO","","","Aligned renders from licensed scans (S04 sources), identical camera and scale.",""
"compare.C02","","C02","Skull lineup, frontal view, 11 taxa at one scale","comparative-morphology","context-schematic","B","5","free (SVG)","vector + 1600 px WebP fallback","TODO","","","As C01, frontal view.",""
"compare.C03","","C03","Cranial capacity ranges","comparative-morphology","context-schematic","A","5","free (SVG)","vector + 1600 px WebP fallback","TODO","","","Chart generated from a sourced table (taxon, min, max, specimen count, source id).",""
"compare.C04","","C04","Body height and mass bands","comparative-morphology","context-schematic","A","5","free (SVG)","vector + 1600 px WebP fallback","TODO","","","Chart generated from sourced ranges; bands, not points.",""
"compare.C05","","C05","Dental arcade and tooth-size comparison","comparative-morphology","context-schematic","B","5","free (SVG)","vector + 1600 px WebP fallback","TODO","","","Occlusal outlines traced from licensed scans at one scale.",""
"compare.C06","","C06","Pelvis comparison (ape, A. afarensis, H. sapiens)","comparative-morphology","context-schematic","B","5","free (SVG)","vector + 1600 px WebP fallback","TODO","","","Outlines traced from licensed images; labels from claims.",""
"compare.C07","","C07","Foot comparison","comparative-morphology","context-schematic","B","5","free (SVG)","vector + 1600 px WebP fallback","TODO","","","Outlines traced from licensed images; mark disputed interpretations.",""
"compare.C08","","C08","Hand comparison","comparative-morphology","context-schematic","B","5","free (SVG)","vector + 1600 px WebP fallback","TODO","","","Outlines traced from licensed images.",""
"compare.C09","","C09","Locomotion diagram","comparative-morphology","context-schematic","B","5","free (SVG)","vector + 1600 px WebP fallback","TODO","","","Schematic of quadrupedal, climbing and upright locomotion; clearly schematic, not a reconstruction.",""
"compare.C10","","C10","Endocast and brain-size comparison","comparative-morphology","context-schematic","B","5","free (SVG)","vector + 1600 px WebP fallback","TODO","","","Endocast renders from licensed scans at one scale.",""
"compare.C11","","C11","Stone-tool technology timeline","comparative-morphology","specimen-photo","C","5","4:3","1600×1200","TODO","","","Licensed photographs of dated Oldowan, Acheulean, Mousterian and Upper Palaeolithic examples arranged on a timeline.",""
"compare.C12","","C12","Facial profile comparison","comparative-morphology","context-schematic","B","5","free (SVG)","vector + 1600 px WebP fallback","TODO","","","Profile outlines traced from S04 images.",""
"compare.C13","","C13","Time ranges of the 11 taxa with uncertainty","comparative-morphology","context-schematic","A","5","free (SVG)","vector + 1600 px WebP fallback","TODO","","","Chart generated from the taxon records; uncertainty shown qualitatively.",""
"compare.C14","","C14","Key sites in Africa (early taxa)","comparative-morphology","context-schematic","A","5","free (SVG)","vector + 1600 px WebP fallback","TODO","","","Generated from the site records on the paleo layer; no routes implied.",""
"compare.C15","","C15","Key sites in Eurasia (later taxa)","comparative-morphology","context-schematic","A","5","free (SVG)","vector + 1600 px WebP fallback","TODO","","","Generated from the site records on the paleo layer; no routes implied.",""
"compare.C16","","C16","Admixture and dispersal summary","comparative-morphology","context-schematic","A","5","free (SVG)","vector + 1600 px WebP fallback","TODO","","","Generated from sourced records only; see the Migration plan (phase P6).",""
"compare.C17","","C17","Stone-tool industries timeline with taxon associations","comparative-morphology","context-schematic","A","5","free (SVG)","vector + 1600 px WebP fallback","TODO","","","Chart generated from a sourced table (industry, start, end, regions, associated taxa, attribution certainty): Lomekwian, Oldowan, Acheulean, Mode 3 (Middle Stone Age / Mousterian), Mode 4. Attribution drawn as “associated” or “unattributed”, never as “made by”.",""
"compare.C18","","C18","Technological modes 1–5: schematic","comparative-morphology","context-schematic","B","5","free (SVG)","vector + 1600 px WebP fallback","TODO","","","Vector schematic of the five technological modes (Mode 1 core and flake, Mode 2 bifaces, Mode 3 prepared cores, Mode 4 blades, Mode 5 microliths), drawn from licensed artefact images or published drawings used with permission.",""
"compare.C19","","C19","How a flake is made: conchoidal fracture","comparative-morphology","context-schematic","B","5","free (SVG)","vector + 1600 px WebP fallback","TODO","","","Vector explanatory diagram of direct percussion: hammerstone, striking platform, bulb of percussion, ripples, flake scars and cortex. Mechanism only; no site or species claim.",""
"compare.C20","","C20","Earliest stone-tool evidence, unattributed: Lomekwi 3 and Dikika cut marks","comparative-morphology","specimen-photo","C","5","4:3","1600×1200","TODO","","","Licensed photographs of Lomekwi 3 artefacts and of the Dikika cut-marked bones, captioned as unattributed to a species and (for Dikika) disputed. Source order: (1) museum or institutional open-access collections, (2) licensed 3D scan repositories (e.g. MorphoSource, Smithsonian) with an explicit licence, (3) Wikimedia Commons with a CC licence. Record institution, catalog number, licence, credit and source URL. Never AI-generated; if no licensed image exists, leave the slot empty.",""
"compare.C21","","C21","Real artefacts at one scale: Oldowan, Acheulean, Mousterian and Still Bay","comparative-morphology","specimen-photo","C","5","4:3","1600×1200","TODO","","","Licensed photographs of a dated chopper, handaxe, Mousterian point and Still Bay point on one scale bar. Source order: (1) museum or institutional open-access collections, (2) licensed 3D scan repositories (e.g. MorphoSource, Smithsonian) with an explicit licence, (3) Wikimedia Commons with a CC licence. Record institution, catalog number, licence, credit and source URL. Never AI-generated; if no licensed image exists, leave the slot empty.",""
